from_account,to_account,amount,date,time,purpose,transaction_type,bank_ref,status,suspicious_score,linked_fir,notes,source_suspect_id,actual_purpose,money_laundering_layer,destination_type,is_mule_account,time_sync_call_id,matched_victim_id,prosecution_evidence_grade
ACC0009253698,ACC0002517360,26810,2025-01-26,18:58:45,Bank to Bank,CHEQUE,REF519725799638,COMPLETED,0.74,FIR/2025/HR/028,High value transaction,UNKNOWN,MISC_TRANSACTION,3,FINAL_BENEFICIARY,NO,CDR0027,UNKNOWN,A
ACC0005346875,ACC0002940955,316793,2025-02-11,12:47:07,Script Update,RTGS,REF732993118057,COMPLETED,0.8,FIR/2025/UP/004,Runner network,UNKNOWN,MISC_TRANSACTION,2,INTERMEDIARY_ACCOUNT,NO,NO_MATCH,UNKNOWN,B
ACC0007512001,ACC0008108481,145688,2025-02-07,13:06:25,Digital Marketing,SWIFT,REF606172040665,COMPLETED,0.51,,Quick withdrawal,UNKNOWN,MISC_TRANSACTION,2,INTERMEDIARY_ACCOUNT,NO,CDR0026,UNKNOWN,B
ACC0008646795,ACC0003473387,44417,2025-02-12,16:19:32,Gift Purchase,UPI,REF876734825035,COMPLETED,0.69,,Suspicious timing,UNKNOWN,MISC_TRANSACTION,3,FINAL_BENEFICIARY,NO,NO_MATCH,UNKNOWN,C
ACC0007320122,ACC0001986711,90029,2025-01-08,11:54:31,Commodity Deal,IMPS,REF825054956314,COMPLETED,0.92,,Cross-border link,UNKNOWN,ASSET_CONVERSION,3,INTERMEDIARY_ACCOUNT,NO,NO_MATCH,UNKNOWN,B
ACC0008087324,ACC0008942696,610059,2025-01-23,12:44:54,Voice Package,IMPS,REF242151905143,COMPLETED,0.52,,Structured transaction,UNKNOWN,MISC_TRANSACTION,2,MULE_ACCOUNT,YES,CDR0003,UNKNOWN,B
ACC0003746337,ACC0003307889,176469,2025-01-18,12:51:47,Task Payment,CHEQUE,REF111386980497,COMPLETED,0.55,,Hawala suspected,UNKNOWN,MISC_TRANSACTION,2,INTERMEDIARY_ACCOUNT,NO,CDR0006,UNKNOWN,B
ACC0008165734,ACC0003822312,75178,2025-01-08,09:32:41,Protection Money,SWIFT,REF787832863446,COMPLETED,0.79,FIR/2025/DL/003,High value transaction,UNKNOWN,MISC_TRANSACTION,3,INTERMEDIARY_ACCOUNT,NO,NO_MATCH,UNKNOWN,B
ACC0007654595,ACC0009197782,4125596,2025-01-10,20:55:52,SIM Bulk Order,IMPS,REF792671778532,COMPLETED,0.74,FIR/2025/UP/001,Mule account pattern,UNKNOWN,MISC_TRANSACTION,1,MULE_ACCOUNT,YES,NO_MATCH,UNKNOWN,A
ACC0002386418,ACC0003047685,1096581,2025-01-22,09:50:37,Profit Share,IMPS,REF871567667493,COMPLETED,0.59,,Cross-border link,UNKNOWN,MISC_TRANSACTION,1,MULE_ACCOUNT,YES,CDR0023,UNKNOWN,B
ACC0002065324,ACC0004101936,3332285,2025-01-09,22:53:37,Staff Salary,CHEQUE,REF971100231576,COMPLETED,0.74,FIR/2025/DL/043,Circular flow detected,UNKNOWN,COVER_PAYMENT,1,MULE_ACCOUNT,YES,CDR0001,V043,A+
ACC0004018851,ACC0001089321,41354,2025-01-13,12:41:10,Software License,SWIFT,REF137594143960,COMPLETED,0.36,,Cross-border link,UNKNOWN,MISC_TRANSACTION,3,FINAL_BENEFICIARY,NO,NO_MATCH,UNKNOWN,C
ACC0003879023,ACC0008097623,48133,2025-02-07,15:42:34,Recruitment Cost,NEFT,REF639349415075,COMPLETED,0.77,FIR/2025/HR/023,Multiple account link,UNKNOWN,MISC_TRANSACTION,3,FINAL_BENEFICIARY,NO,CDR0026,UNKNOWN,A
ACC0002661097,ACC0001750538,397209,2025-01-18,10:38:35,Recruitment Fee,SWIFT,REF406484851143,COMPLETED,0.39,,New beneficiary,UNKNOWN,MISC_TRANSACTION,2,INTERMEDIARY_ACCOUNT,NO,CDR0006,UNKNOWN,B
ACC0005277642,ACC0005373391,30020,2025-01-21,19:44:09,Staff Salary,NEFT,REF791792779143,COMPLETED,0.8,FIR/2025/HR/045,Multiple account link,UNKNOWN,COVER_PAYMENT,3,FINAL_BENEFICIARY,NO,CDR0033,UNKNOWN,A
ACC0007243511,ACC0009580328,93002,2025-01-25,19:24:01,Trade Finance,NEFT,REF396685709030,COMPLETED,0.38,,Mule account pattern,UNKNOWN,MISC_TRANSACTION,3,INTERMEDIARY_ACCOUNT,NO,CDR0017,UNKNOWN,B
ACC0006525702,ACC0002492738,137429,2025-01-22,06:06:24,Hawala Settlement,IMPS,REF215757025952,COMPLETED,0.83,,Round figure suspicious,UNKNOWN,HAWALA_SETTLEMENT,2,INTERMEDIARY_ACCOUNT,NO,CDR0023,UNKNOWN,B
ACC0009214437,ACC0002602904,934480,2025-02-09,14:38:06,Business Transfer,NEFT,REF528431031880,COMPLETED,0.42,,Structured transaction,UNKNOWN,MISC_TRANSACTION,2,MULE_ACCOUNT,YES,CDR0049,UNKNOWN,B
ACC0003140306,ACC0005346322,184628,2025-01-14,18:36:47,Travel Expense,UPI,REF898513626588,COMPLETED,0.73,FIR/2025/UP/046,Quick withdrawal,UNKNOWN,MISC_TRANSACTION,2,INTERMEDIARY_ACCOUNT,NO,CDR0020,UNKNOWN,A
ACC0008016965,ACC0008680384,4349021,2025-02-06,15:17:27,Call Center Rent,CHEQUE,REF352604306407,COMPLETED,0.51,,Night time unusual,UNKNOWN,MISC_TRANSACTION,1,MULE_ACCOUNT,YES,CDR0034,UNKNOWN,B
ACC0006246854,ACC0002512308,70833,2025-01-10,11:36:03,Software License,CHEQUE,REF706818108839,COMPLETED,0.93,FIR/2025/DL/028,Structured transaction,UNKNOWN,MISC_TRANSACTION,3,INTERMEDIARY_ACCOUNT,NO,NO_MATCH,UNKNOWN,A
ACC0009351785,ACC0009640458,1522994,2025-01-05,12:58:53,Bank to Bank,UPI,REF566923762122,COMPLETED,0.78,FIR/2025/HR/023,Multiple account link,UNKNOWN,MISC_TRANSACTION,1,MULE_ACCOUNT,YES,NO_MATCH,UNKNOWN,A
ACC0009860239,ACC0001710615,167611,2025-01-16,08:23:53,Commission,SWIFT,REF564075110014,COMPLETED,0.64,,Cross-border link,UNKNOWN,MISC_TRANSACTION,2,INTERMEDIARY_ACCOUNT,NO,NO_MATCH,UNKNOWN,C
ACC0005190365,ACC0002977453,706592,2025-01-18,06:47:40,Script Update,IMPS,REF665402266514,COMPLETED,0.86,,Money laundering layer,UNKNOWN,MISC_TRANSACTION,2,MULE_ACCOUNT,YES,CDR0006,UNKNOWN,A
ACC0006968395,ACC0001098836,544511,2025-01-11,06:22:56,Commodity Deal,NEFT,REF488273925936,COMPLETED,0.31,,Mule account pattern,UNKNOWN,ASSET_CONVERSION,2,MULE_ACCOUNT,YES,NO_MATCH,UNKNOWN,C
ACC0009876767,ACC0009628834,4829857,2025-01-05,10:49:42,Gold Purchase,NEFT,REF535813332344,COMPLETED,0.55,,New beneficiary,UNKNOWN,ASSET_CONVERSION,1,MULE_ACCOUNT,YES,NO_MATCH,UNKNOWN,C
ACC0005521152,ACC0002823599,369695,2025-02-01,06:22:56,Trade Settlement,NEFT,REF306633735535,COMPLETED,0.49,,Multiple account link,UNKNOWN,HAWALA_SETTLEMENT,2,INTERMEDIARY_ACCOUNT,NO,CDR0024,UNKNOWN,B
ACC0006556840,ACC0001530269,702577,2025-01-12,19:31:35,Data Package,DEMAND_DRAFT,REF884612083767,COMPLETED,0.39,,Circular flow detected,UNKNOWN,MISC_TRANSACTION,2,MULE_ACCOUNT,YES,CDR0014,UNKNOWN,B
ACC0002841010,ACC0002809919,6386,2025-01-20,07:43:53,Protection Money,IMPS,REF757028800516,COMPLETED,0.8,,Suspicious timing,UNKNOWN,MISC_TRANSACTION,3,FINAL_BENEFICIARY,NO,CDR0019,UNKNOWN,B
ACC0009152539,ACC0002386047,114945,2025-01-20,14:49:07,Gold Purchase,CHEQUE,REF831206819246,COMPLETED,0.86,FIR/2025/DL/031,Multiple account link,UNKNOWN,ASSET_CONVERSION,2,INTERMEDIARY_ACCOUNT,NO,CDR0019,UNKNOWN,A+
ACC0009427765,ACC0004039834,88987,2025-01-30,07:17:12,Referral Bonus,IMPS,REF774385720362,COMPLETED,0.44,,New beneficiary,UNKNOWN,MISC_TRANSACTION,3,INTERMEDIARY_ACCOUNT,NO,CDR0025,UNKNOWN,B
ACC0006141309,ACC0004882711,19534,2025-02-06,19:41:03,Card Processing,UPI,REF500588361685,COMPLETED,0.49,,High value transaction,UNKNOWN,MISC_TRANSACTION,3,FINAL_BENEFICIARY,NO,CDR0034,UNKNOWN,B
ACC0006366039,ACC0001797863,200561,2025-01-18,15:30:17,Trade Finance,UPI,REF303714196644,COMPLETED,0.47,,Suspicious timing,UNKNOWN,MISC_TRANSACTION,2,INTERMEDIARY_ACCOUNT,NO,CDR0006,UNKNOWN,B
ACC0002871139,ACC0002625497,53581,2025-01-26,17:47:51,Script Payment,CHEQUE,REF747590050614,COMPLETED,0.66,,High value transaction,UNKNOWN,MISC_TRANSACTION,3,INTERMEDIARY_ACCOUNT,NO,CDR0027,UNKNOWN,B
ACC0007443279,ACC0002463496,11970,2025-01-07,12:12:45,Recruitment Cost,UPI,REF780952371792,COMPLETED,0.53,,New beneficiary,UNKNOWN,MISC_TRANSACTION,3,FINAL_BENEFICIARY,NO,CDR0011,UNKNOWN,B
ACC0003578194,ACC0001735028,638527,2025-02-09,17:57:23,Recruitment Cost,CHEQUE,REF231929910067,COMPLETED,0.92,,New beneficiary,UNKNOWN,MISC_TRANSACTION,2,MULE_ACCOUNT,YES,CDR0049,UNKNOWN,A
ACC0009453526,ACC0001366999,930549,2025-01-07,07:50:44,Task Payment,CHEQUE,REF537290091677,COMPLETED,0.64,,Circular flow detected,UNKNOWN,MISC_TRANSACTION,2,MULE_ACCOUNT,YES,CDR0011,UNKNOWN,B
ACC0008344141,ACC0009544273,609203,2025-01-18,11:00:10,Script Update,NEFT,REF867047283593,COMPLETED,0.31,,Suspicious timing,UNKNOWN,MISC_TRANSACTION,2,MULE_ACCOUNT,YES,CDR0006,UNKNOWN,B
ACC0004696630,ACC0005972157,194743,2025-01-07,23:15:18,Consulting Fees,CHEQUE,REF408737721751,COMPLETED,0.93,FIR/2025/UP/004,Runner network,UNKNOWN,MISC_TRANSACTION,2,INTERMEDIARY_ACCOUNT,NO,CDR0011,UNKNOWN,A+
ACC0004522752,ACC0009969014,880154,2025-01-25,08:45:56,Voice Package,RTGS,REF249130196313,COMPLETED,0.58,,Money laundering layer,UNKNOWN,MISC_TRANSACTION,2,MULE_ACCOUNT,YES,CDR0017,UNKNOWN,B
ACC0001174620,ACC0006964017,19370,2025-02-08,09:46:47,Gift Purchase,IMPS,REF821321101325,COMPLETED,0.47,,Runner network,UNKNOWN,MISC_TRANSACTION,3,FINAL_BENEFICIARY,NO,CDR0015,UNKNOWN,B
ACC0008418631,ACC0004701708,3439674,2025-01-14,20:14:46,Commodity Deal,IMPS,REF260497086732,COMPLETED,0.91,FIR/2025/DL/032,Structured transaction,UNKNOWN,ASSET_CONVERSION,1,MULE_ACCOUNT,YES,CDR0020,UNKNOWN,A+
ACC0004104255,ACC0003954644,199332,2025-01-23,06:19:10,Profit Share,DEMAND_DRAFT,REF853312341459,COMPLETED,0.71,FIR/2025/DL/010,Hawala suspected,UNKNOWN,MISC_TRANSACTION,2,INTERMEDIARY_ACCOUNT,NO,CDR0003,UNKNOWN,A
ACC0005114676,ACC0008634038,155514,2025-01-05,09:24:24,Investment Returns,UPI,REF116434959724,COMPLETED,0.82,FIR/2025/HR/003,High value transaction,UNKNOWN,MISC_TRANSACTION,2,INTERMEDIARY_ACCOUNT,NO,NO_MATCH,UNKNOWN,B
ACC0002402500,ACC0005490530,14347,2025-02-08,16:54:45,Software License,NEFT,REF624583998833,COMPLETED,0.82,,Cross-border link,UNKNOWN,MISC_TRANSACTION,3,FINAL_BENEFICIARY,NO,CDR0015,UNKNOWN,B
ACC0009034749,ACC0003592303,769928,2025-02-14,23:07:01,Consulting Fees,UPI,REF424461767205,COMPLETED,0.37,,Hacker payment pattern,UNKNOWN,MISC_TRANSACTION,2,MULE_ACCOUNT,YES,NO_MATCH,UNKNOWN,C
ACC0004763343,ACC0001402667,604103,2025-01-23,13:58:56,Entertainment,IMPS,REF224131489734,COMPLETED,0.63,,Suspicious timing,UNKNOWN,MISC_TRANSACTION,2,MULE_ACCOUNT,YES,CDR0003,UNKNOWN,B
ACC0006994631,ACC0002279932,45350,2025-01-07,10:11:27,Call Center Rent,RTGS,REF300143807336,COMPLETED,0.76,,Round figure suspicious,UNKNOWN,MISC_TRANSACTION,3,FINAL_BENEFICIARY,NO,CDR0011,UNKNOWN,B
ACC0005815154,ACC0006844941,723502,2025-01-21,08:50:00,Referral Bonus,DEMAND_DRAFT,REF261730661966,COMPLETED,0.52,,Runner network,UNKNOWN,MISC_TRANSACTION,2,MULE_ACCOUNT,YES,CDR0033,UNKNOWN,B
ACC0002129335,ACC0002898577,162054,2025-01-10,16:08:11,Logistics,IMPS,REF449406794051,COMPLETED,0.64,,Round figure suspicious,UNKNOWN,MISC_TRANSACTION,2,INTERMEDIARY_ACCOUNT,NO,NO_MATCH,UNKNOWN,C
ACC0006594616,ACC0003318968,2755985,2025-02-08,23:31:34,Staff Salary,DEMAND_DRAFT,REF521895129336,COMPLETED,0.36,,Multiple account link,UNKNOWN,COVER_PAYMENT,1,MULE_ACCOUNT,YES,CDR0015,UNKNOWN,B
ACC0002463815,ACC0004945884,28704,2025-01-28,23:30:08,Trade Settlement,UPI,REF486166359020,COMPLETED,0.55,,Circular flow detected,UNKNOWN,HAWALA_SETTLEMENT,3,FINAL_BENEFICIARY,NO,CDR0008,UNKNOWN,B
ACC0008064499,ACC0005068431,108874,2025-01-12,10:24:46,Investment Returns,CHEQUE,REF568000738580,COMPLETED,0.55,,Structured transaction,UNKNOWN,MISC_TRANSACTION,2,INTERMEDIARY_ACCOUNT,NO,CDR0014,UNKNOWN,B
ACC0003653705,ACC0001506432,145746,2025-01-09,06:36:53,Investment Transfer,NEFT,REF300855939641,COMPLETED,0.62,,Structured transaction,UNKNOWN,MISC_TRANSACTION,2,INTERMEDIARY_ACCOUNT,NO,CDR0001,UNKNOWN,B
ACC0007904201,ACC0006659575,53462,2025-01-08,07:38:48,Profit Share,SWIFT,REF109278627409,COMPLETED,0.57,,New beneficiary,UNKNOWN,MISC_TRANSACTION,3,INTERMEDIARY_ACCOUNT,NO,NO_MATCH,UNKNOWN,C
ACC0005329433,ACC0009420022,109589,2025-01-22,08:33:24,Commission,CHEQUE,REF538996614194,COMPLETED,0.72,FIR/2025/DL/026,Runner network,UNKNOWN,MISC_TRANSACTION,2,INTERMEDIARY_ACCOUNT,NO,CDR0023,UNKNOWN,A
ACC0002295356,ACC0008859053,3692285,2025-01-29,11:03:51,Script Payment,CHEQUE,REF312275416662,COMPLETED,0.48,,Round figure suspicious,UNKNOWN,MISC_TRANSACTION,1,MULE_ACCOUNT,YES,CDR0002,UNKNOWN,B
ACC0006628280,ACC0001470581,20697,2025-01-09,12:38:00,Distribution,RTGS,REF706396742248,COMPLETED,0.44,,Mule account pattern,UNKNOWN,FRAUD_DISTRIBUTION,3,FINAL_BENEFICIARY,NO,CDR0001,UNKNOWN,B
ACC0001752869,ACC0009116934,529861,2025-01-05,17:48:18,Bank Transfer,SWIFT,REF444434402824,COMPLETED,0.81,FIR/2025/HR/023,Multiple account link,UNKNOWN,MISC_TRANSACTION,2,MULE_ACCOUNT,YES,NO_MATCH,UNKNOWN,A
ACC0002633762,ACC0006558596,182010,2025-01-06,18:30:37,Consulting Fees,RTGS,REF263901204794,COMPLETED,0.76,FIR/2025/DL/041,Multiple account link,UNKNOWN,MISC_TRANSACTION,2,INTERMEDIARY_ACCOUNT,NO,NO_MATCH,UNKNOWN,B
ACC0004885101,ACC0004617959,953459,2025-02-02,10:21:18,Script Payment,SWIFT,REF144800380579,COMPLETED,0.91,FIR/2025/HR/025,High value transaction,UNKNOWN,MISC_TRANSACTION,2,MULE_ACCOUNT,YES,CDR0018,UNKNOWN,A+
ACC0002258262,ACC0003556871,42152,2025-01-14,15:35:55,Software License,IMPS,REF598620422853,COMPLETED,0.51,,Suspicious timing,UNKNOWN,MISC_TRANSACTION,3,FINAL_BENEFICIARY,NO,CDR0020,UNKNOWN,B
ACC0007095636,ACC0006928539,3980703,2025-01-21,21:16:48,Recruitment Cost,CHEQUE,REF254293095665,COMPLETED,0.94,FIR/2025/HR/032,Cross-border link,UNKNOWN,MISC_TRANSACTION,1,MULE_ACCOUNT,YES,CDR0033,UNKNOWN,A+
ACC0005808770,ACC0007726643,662241,2025-01-28,08:43:26,API Access,IMPS,REF145881226911,COMPLETED,0.72,FIR/2025/HR/004,Multiple account link,UNKNOWN,MISC_TRANSACTION,2,MULE_ACCOUNT,YES,CDR0008,UNKNOWN,A+
ACC0001133260,ACC0003593123,1663563,2025-01-09,13:24:55,Training Material,CHEQUE,REF482653682179,COMPLETED,0.62,,Mule account pattern,UNKNOWN,MISC_TRANSACTION,1,MULE_ACCOUNT,YES,CDR0001,UNKNOWN,B
ACC0002439863,ACC0004024485,1836642,2025-01-26,08:20:21,Trade Finance,IMPS,REF869712407144,COMPLETED,0.8,,Money laundering layer,UNKNOWN,MISC_TRANSACTION,1,MULE_ACCOUNT,YES,CDR0027,UNKNOWN,A
ACC0003612902,ACC0008884747,14536,2025-02-12,18:03:59,Script Payment,DEMAND_DRAFT,REF333961512902,COMPLETED,0.34,,Suspicious timing,UNKNOWN,MISC_TRANSACTION,3,FINAL_BENEFICIARY,NO,NO_MATCH,UNKNOWN,C
ACC0005229054,ACC0003954562,2148842,2025-01-10,15:55:45,Recruitment Cost,DEMAND_DRAFT,REF677328309329,COMPLETED,0.45,,Mule account pattern,UNKNOWN,MISC_TRANSACTION,1,MULE_ACCOUNT,YES,NO_MATCH,UNKNOWN,C
ACC0008189612,ACC0006738129,2464970,2025-02-04,21:34:44,Performance Pay,CHEQUE,REF488423029582,COMPLETED,0.92,FIR/2025/HR/025,New beneficiary,UNKNOWN,MISC_TRANSACTION,1,MULE_ACCOUNT,YES,CDR0007,UNKNOWN,A+
ACC0004331283,ACC0002305413,539458,2025-01-05,10:57:29,Referral Bonus,IMPS,REF451604496999,COMPLETED,0.38,,New beneficiary,UNKNOWN,MISC_TRANSACTION,2,MULE_ACCOUNT,YES,NO_MATCH,UNKNOWN,C
ACC0001061687,ACC0008559125,13239,2025-01-07,12:47:12,Investment Transfer,CHEQUE,REF952748947085,COMPLETED,0.41,,High value transaction,UNKNOWN,MISC_TRANSACTION,3,FINAL_BENEFICIARY,NO,CDR0011,UNKNOWN,B
ACC0004207115,ACC0001241105,216977,2025-02-06,09:44:31,SIM Bulk Order,IMPS,REF552749913280,COMPLETED,0.54,,Mule account pattern,UNKNOWN,MISC_TRANSACTION,2,INTERMEDIARY_ACCOUNT,NO,CDR0034,UNKNOWN,B
ACC0003949666,ACC0008697782,147811,2025-02-08,19:24:18,Hardware Bundle,CHEQUE,REF579663158088,COMPLETED,0.73,FIR/2025/HR/040,Mule account pattern,UNKNOWN,MISC_TRANSACTION,2,INTERMEDIARY_ACCOUNT,NO,CDR0015,UNKNOWN,A
ACC0002741677,ACC0002503875,4911174,2025-01-11,21:47:48,Cleaning Service,SWIFT,REF796212919101,COMPLETED,0.6,,Runner network,UNKNOWN,MISC_TRANSACTION,1,MULE_ACCOUNT,YES,NO_MATCH,UNKNOWN,C
ACC0008057182,ACC0004554607,19606,2025-01-17,21:07:22,Training Material,IMPS,REF875863763386,COMPLETED,0.83,,Night time unusual,UNKNOWN,MISC_TRANSACTION,3,FINAL_BENEFICIARY,NO,CDR0037,UNKNOWN,B
ACC0004757032,ACC0009515457,890677,2025-01-31,13:00:57,Investment Transfer,UPI,REF125836504909,COMPLETED,0.4,,Cross-border link,UNKNOWN,MISC_TRANSACTION,2,MULE_ACCOUNT,YES,CDR0016,UNKNOWN,B
ACC0003859017,ACC0008214533,1808076,2025-01-08,19:08:40,Voice Training,CHEQUE,REF543127741474,COMPLETED,0.91,,High value transaction,UNKNOWN,MISC_TRANSACTION,1,MULE_ACCOUNT,YES,NO_MATCH,UNKNOWN,B
ACC0002670640,ACC0003119470,3419835,2025-02-14,14:53:35,Performance Pay,RTGS,REF199659401423,COMPLETED,0.36,,Money laundering layer,UNKNOWN,MISC_TRANSACTION,1,MULE_ACCOUNT,YES,NO_MATCH,UNKNOWN,C
ACC0002321583,ACC0007415688,675745,2025-01-16,13:41:57,Hawala Settlement,RTGS,REF689243008395,COMPLETED,0.87,,Night time unusual,UNKNOWN,HAWALA_SETTLEMENT,2,MULE_ACCOUNT,YES,NO_MATCH,UNKNOWN,B
ACC0005370124,ACC0001868201,23020,2025-02-14,09:07:29,Trade Finance,UPI,REF255078713393,COMPLETED,0.49,,Structured transaction,UNKNOWN,MISC_TRANSACTION,3,FINAL_BENEFICIARY,NO,NO_MATCH,UNKNOWN,C
ACC0007063240,ACC0004489198,30611,2025-01-31,08:31:40,Equipment Purchase,NEFT,REF562513588084,COMPLETED,0.56,,Night time unusual,UNKNOWN,MISC_TRANSACTION,3,FINAL_BENEFICIARY,NO,CDR0016,UNKNOWN,B
ACC0003702870,ACC0004016651,24579,2025-01-12,16:22:30,Cleaning Service,SWIFT,REF106642092952,COMPLETED,0.41,,High value transaction,UNKNOWN,MISC_TRANSACTION,3,FINAL_BENEFICIARY,NO,CDR0014,UNKNOWN,B
ACC0001495854,ACC0009991819,185789,2025-01-18,17:07:57,Recruitment Fee,UPI,REF251730627805,COMPLETED,0.45,,Suspicious timing,UNKNOWN,MISC_TRANSACTION,2,INTERMEDIARY_ACCOUNT,NO,CDR0006,UNKNOWN,B
ACC0005591361,ACC0009079485,565484,2025-02-03,21:27:32,Bank Transfer,NEFT,REF290052702941,COMPLETED,0.43,,Mule account pattern,UNKNOWN,MISC_TRANSACTION,2,MULE_ACCOUNT,YES,CDR0013,UNKNOWN,B
ACC0006227531,ACC0003779198,4702972,2025-02-01,14:52:20,Cleaning Service,UPI,REF523515109958,COMPLETED,0.59,,Hacker payment pattern,UNKNOWN,MISC_TRANSACTION,1,MULE_ACCOUNT,YES,CDR0024,UNKNOWN,B
ACC0002078208,ACC0008539737,2061425,2025-01-23,22:22:25,Investment Returns,UPI,REF989830913085,COMPLETED,0.52,,Mule account pattern,UNKNOWN,MISC_TRANSACTION,1,MULE_ACCOUNT,YES,CDR0003,UNKNOWN,B
ACC0004610191,ACC0007235425,29377,2025-01-25,06:45:21,Recruitment Fee,IMPS,REF974315622968,COMPLETED,0.52,,Hawala suspected,UNKNOWN,MISC_TRANSACTION,3,FINAL_BENEFICIARY,NO,CDR0017,UNKNOWN,B
ACC0005758257,ACC0004559708,307919,2025-02-12,08:36:57,SIM Bulk Order,IMPS,REF931858422418,COMPLETED,0.6,,Money laundering layer,UNKNOWN,MISC_TRANSACTION,2,INTERMEDIARY_ACCOUNT,NO,NO_MATCH,UNKNOWN,C
ACC0009286841,ACC0009365975,8066,2025-02-02,11:38:20,Regional Payment,IMPS,REF732375616898,COMPLETED,0.31,,Hacker payment pattern,UNKNOWN,MISC_TRANSACTION,3,FINAL_BENEFICIARY,NO,CDR0018,UNKNOWN,B
ACC0008747246,ACC0005770866,13589,2025-01-26,06:04:30,Project Payment,DEMAND_DRAFT,REF558713301684,COMPLETED,0.79,,Hawala suspected,UNKNOWN,MISC_TRANSACTION,3,FINAL_BENEFICIARY,NO,CDR0027,UNKNOWN,B
ACC0002338271,ACC0006254198,2251764,2025-02-05,09:53:23,Cleaning Service,UPI,REF344938927670,COMPLETED,0.33,,Cross-border link,UNKNOWN,MISC_TRANSACTION,1,MULE_ACCOUNT,YES,CDR0021,UNKNOWN,B
ACC0008309538,ACC0004797376,400445,2025-02-08,06:59:44,Business Transfer,RTGS,REF962787286902,COMPLETED,0.33,,Suspicious timing,UNKNOWN,MISC_TRANSACTION,2,INTERMEDIARY_ACCOUNT,NO,CDR0015,UNKNOWN,B
ACC0006525223,ACC0007367900,3447180,2025-01-12,10:20:55,Referral Bonus,DEMAND_DRAFT,REF554817610825,COMPLETED,0.73,FIR/2025/HR/008,Round figure suspicious,UNKNOWN,MISC_TRANSACTION,1,MULE_ACCOUNT,YES,CDR0014,UNKNOWN,A+
ACC0009018281,ACC0009222577,134387,2025-01-10,14:49:18,Trade Settlement,UPI,REF711401521131,COMPLETED,0.87,FIR/2025/DL/043,Multiple account link,UNKNOWN,HAWALA_SETTLEMENT,2,INTERMEDIARY_ACCOUNT,NO,NO_MATCH,V043,A
ACC0002308903,ACC0002260713,65798,2025-02-03,18:12:31,Project Payment,RTGS,REF994249391697,COMPLETED,0.7,,Night time unusual,UNKNOWN,MISC_TRANSACTION,3,INTERMEDIARY_ACCOUNT,NO,CDR0013,UNKNOWN,B
ACC0006231562,ACC0008617224,90369,2025-01-19,17:24:28,Cleaning Service,SWIFT,REF955570459271,COMPLETED,0.57,,Circular flow detected,UNKNOWN,MISC_TRANSACTION,3,INTERMEDIARY_ACCOUNT,NO,CDR0012,UNKNOWN,B
ACC0006153067,ACC0002712355,14652,2025-01-20,06:57:29,Profit Share,RTGS,REF619813819818,COMPLETED,0.75,,Mule account pattern,UNKNOWN,MISC_TRANSACTION,3,FINAL_BENEFICIARY,NO,CDR0019,UNKNOWN,B
ACC0002410406,ACC0006946295,2664836,2025-02-06,16:03:28,Travel Expense,RTGS,REF151959709910,COMPLETED,0.74,FIR/2025/HR/028,Suspicious timing,UNKNOWN,MISC_TRANSACTION,1,MULE_ACCOUNT,YES,CDR0034,UNKNOWN,A+
ACC0004178437,ACC0007756052,3547822,2025-02-07,19:06:43,Business Transfer,CHEQUE,REF340995265537,COMPLETED,0.38,,High value transaction,UNKNOWN,MISC_TRANSACTION,1,MULE_ACCOUNT,YES,CDR0026,UNKNOWN,B
ACC0002104735,ACC0009927688,4701893,2025-01-30,18:06:14,Commodity Deal,DEMAND_DRAFT,REF863986753960,COMPLETED,0.48,,Cross-border link,UNKNOWN,ASSET_CONVERSION,1,MULE_ACCOUNT,YES,CDR0025,UNKNOWN,B
ACC0005831713,ACC0005831479,3110742,2025-01-24,13:10:20,Entertainment,UPI,REF302579199700,COMPLETED,0.53,,Quick withdrawal,UNKNOWN,MISC_TRANSACTION,1,MULE_ACCOUNT,YES,CDR0029,UNKNOWN,B
ACC0008962478,ACC0008179349,26892,2025-01-15,06:38:22,Delivery Charges,SWIFT,REF636875234772,COMPLETED,0.89,FIR/2025/UP/008,Runner network,UNKNOWN,MISC_TRANSACTION,3,FINAL_BENEFICIARY,NO,CDR0004,UNKNOWN,A+
ACC0001291769,ACC0005876441,187696,2025-01-11,09:19:51,Bank to Bank,RTGS,REF638814884438,COMPLETED,0.8,,Suspicious timing,UNKNOWN,MISC_TRANSACTION,2,INTERMEDIARY_ACCOUNT,NO,NO_MATCH,UNKNOWN,C
ACC0007111760,ACC0008696560,515761,2025-02-07,21:07:17,Entertainment,SWIFT,REF803207331196,COMPLETED,0.31,,Cross-border link,UNKNOWN,MISC_TRANSACTION,2,MULE_ACCOUNT,YES,CDR0026,UNKNOWN,B
ACC0009352238,ACC0001518494,21014,2025-01-17,18:40:06,Travel Expense,CHEQUE,REF699915884487,COMPLETED,0.91,FIR/2025/UP/034,Suspicious timing,UNKNOWN,MISC_TRANSACTION,3,FINAL_BENEFICIARY,NO,CDR0037,UNKNOWN,A+
ACC0006852648,ACC0006556541,159391,2025-01-07,22:44:21,Cleaning Service,UPI,REF973740055978,COMPLETED,0.61,,Money laundering layer,UNKNOWN,MISC_TRANSACTION,2,INTERMEDIARY_ACCOUNT,NO,CDR0011,UNKNOWN,B
ACC0009370606,ACC0003468450,89381,2025-01-24,21:18:04,Food Allowance,UPI,REF144898979020,COMPLETED,0.45,,Structured transaction,UNKNOWN,COVER_PAYMENT,3,INTERMEDIARY_ACCOUNT,NO,CDR0029,UNKNOWN,B
ACC0006130833,ACC0001085400,33201,2025-01-08,14:08:22,Food Allowance,DEMAND_DRAFT,REF653445236090,COMPLETED,0.75,FIR/2025/HR/010,Multiple account link,UNKNOWN,COVER_PAYMENT,3,FINAL_BENEFICIARY,NO,NO_MATCH,V010,B
ACC0005541070,ACC0003393173,17892,2025-01-23,13:02:30,Security Service,NEFT,REF846515606205,COMPLETED,0.73,FIR/2025/UP/026,Hacker payment pattern,UNKNOWN,MISC_TRANSACTION,3,FINAL_BENEFICIARY,NO,CDR0003,UNKNOWN,A
ACC0005383230,ACC0006067099,3365199,2025-01-25,10:43:49,Task Payment,RTGS,REF555849320708,COMPLETED,0.68,,Suspicious timing,UNKNOWN,MISC_TRANSACTION,1,MULE_ACCOUNT,YES,CDR0017,UNKNOWN,B
ACC0008736886,ACC0004076474,1581371,2025-01-25,22:59:43,Trade Settlement,RTGS,REF488558728577,COMPLETED,0.59,,Money laundering layer,UNKNOWN,HAWALA_SETTLEMENT,1,MULE_ACCOUNT,YES,CDR0017,UNKNOWN,B
ACC0001443289,ACC0008061842,845092,2025-01-20,22:23:08,Cleaning Service,SWIFT,REF722340384992,COMPLETED,0.9,,Circular flow detected,UNKNOWN,MISC_TRANSACTION,2,MULE_ACCOUNT,YES,CDR0019,UNKNOWN,A
ACC0007760247,ACC0001099872,35330,2025-01-10,07:17:53,SIM Bulk Order,UPI,REF754267329524,COMPLETED,0.37,,Multiple account link,UNKNOWN,MISC_TRANSACTION,3,FINAL_BENEFICIARY,NO,NO_MATCH,UNKNOWN,C
ACC0006558419,ACC0002021141,12958,2025-01-18,22:09:35,Bank to Bank,IMPS,REF345398981247,COMPLETED,0.91,,Quick withdrawal,UNKNOWN,MISC_TRANSACTION,3,FINAL_BENEFICIARY,NO,CDR0006,UNKNOWN,A
ACC0006215882,ACC0001108226,36782,2025-01-14,09:33:06,Commodity Trading,NEFT,REF620136031593,COMPLETED,0.32,,Money laundering layer,UNKNOWN,ASSET_CONVERSION,3,FINAL_BENEFICIARY,NO,CDR0020,UNKNOWN,B
ACC0003043656,ACC0006031885,176804,2025-02-08,14:52:39,Entertainment,IMPS,REF825245230756,COMPLETED,0.72,FIR/2025/UP/010,Circular flow detected,UNKNOWN,MISC_TRANSACTION,2,INTERMEDIARY_ACCOUNT,NO,CDR0015,UNKNOWN,A
ACC0003377099,ACC0005037972,184090,2025-02-04,21:18:18,Hardware Bundle,UPI,REF748364360645,COMPLETED,0.64,,Hawala suspected,UNKNOWN,MISC_TRANSACTION,2,INTERMEDIARY_ACCOUNT,NO,CDR0007,UNKNOWN,B
ACC0002800796,ACC0008784019,355363,2025-02-03,09:36:24,Digital Marketing,SWIFT,REF135660089433,COMPLETED,0.74,,Money laundering layer,UNKNOWN,MISC_TRANSACTION,2,INTERMEDIARY_ACCOUNT,NO,CDR0013,UNKNOWN,B
ACC0006951329,ACC0003337125,170153,2025-01-27,22:54:55,API Access,NEFT,REF678558829300,COMPLETED,0.57,,Cross-border link,UNKNOWN,MISC_TRANSACTION,2,INTERMEDIARY_ACCOUNT,NO,CDR0022,UNKNOWN,B
ACC0006692359,ACC0008708824,999652,2025-01-30,08:58:53,SIM Bulk Order,IMPS,REF767746091647,COMPLETED,0.75,,Circular flow detected,UNKNOWN,MISC_TRANSACTION,2,MULE_ACCOUNT,YES,CDR0025,UNKNOWN,A
ACC0006437103,ACC0006840068,43305,2025-01-15,13:06:42,Project Payment,IMPS,REF847041846291,COMPLETED,0.62,,Mule account pattern,UNKNOWN,MISC_TRANSACTION,3,FINAL_BENEFICIARY,NO,CDR0004,UNKNOWN,B
ACC0003919201,ACC0007443851,264934,2025-01-12,07:54:47,Equipment Purchase,IMPS,REF511300464784,COMPLETED,0.71,,Mule account pattern,UNKNOWN,MISC_TRANSACTION,2,INTERMEDIARY_ACCOUNT,NO,CDR0014,UNKNOWN,B
ACC0008541520,ACC0007335562,409436,2025-02-05,20:43:18,Hawala Settlement,NEFT,REF279281185915,COMPLETED,0.6,,Round figure suspicious,UNKNOWN,HAWALA_SETTLEMENT,2,INTERMEDIARY_ACCOUNT,NO,CDR0021,UNKNOWN,B
ACC0001406730,ACC0002614070,18339,2025-01-28,19:36:34,Equipment Purchase,RTGS,REF848120185650,COMPLETED,0.8,,High value transaction,UNKNOWN,MISC_TRANSACTION,3,FINAL_BENEFICIARY,NO,CDR0008,UNKNOWN,B
ACC0004480849,ACC0008947918,142302,2025-01-09,20:27:40,Voice Training,DEMAND_DRAFT,REF723074632031,COMPLETED,0.35,,Mule account pattern,UNKNOWN,MISC_TRANSACTION,2,INTERMEDIARY_ACCOUNT,NO,CDR0001,UNKNOWN,B
ACC0009367003,ACC0004868381,191698,2025-01-23,14:24:45,Security Service,UPI,REF182841625565,COMPLETED,0.66,,Hawala suspected,UNKNOWN,MISC_TRANSACTION,2,INTERMEDIARY_ACCOUNT,NO,CDR0003,UNKNOWN,B
ACC0001950399,ACC0002860164,43192,2025-01-07,16:26:16,Task Payment,RTGS,REF941332674070,COMPLETED,0.34,,Hacker payment pattern,UNKNOWN,MISC_TRANSACTION,3,FINAL_BENEFICIARY,NO,CDR0011,UNKNOWN,B
ACC0002045698,ACC0004953000,37345,2025-01-27,08:26:38,Bank to Bank,SWIFT,REF189890932152,COMPLETED,0.9,,Multiple account link,UNKNOWN,MISC_TRANSACTION,3,FINAL_BENEFICIARY,NO,CDR0022,UNKNOWN,A
ACC0001700297,ACC0002745857,732261,2025-02-01,21:19:50,Hawala Settlement,UPI,REF164129215558,COMPLETED,0.32,,Quick withdrawal,UNKNOWN,HAWALA_SETTLEMENT,2,MULE_ACCOUNT,YES,CDR0024,UNKNOWN,B
ACC0001303581,ACC0009089526,151482,2025-02-01,19:35:08,Trade Settlement,IMPS,REF507607649067,COMPLETED,0.54,,High value transaction,UNKNOWN,HAWALA_SETTLEMENT,2,INTERMEDIARY_ACCOUNT,NO,CDR0024,UNKNOWN,B
ACC0004892874,ACC0002543349,43575,2025-01-05,13:52:03,Equipment Purchase,UPI,REF581580577776,COMPLETED,0.42,,Round figure suspicious,UNKNOWN,MISC_TRANSACTION,3,FINAL_BENEFICIARY,NO,NO_MATCH,UNKNOWN,C
ACC0005097740,ACC0005905871,13501,2025-01-09,08:16:34,Recruitment Fee,IMPS,REF910482899596,COMPLETED,0.85,,Cross-border link,UNKNOWN,MISC_TRANSACTION,3,FINAL_BENEFICIARY,NO,CDR0001,UNKNOWN,A
ACC0005910412,ACC0005097093,39527,2025-01-08,17:57:26,Trade Settlement,SWIFT,REF407030924184,COMPLETED,0.35,,Suspicious timing,UNKNOWN,HAWALA_SETTLEMENT,3,FINAL_BENEFICIARY,NO,NO_MATCH,UNKNOWN,C
ACC0004536127,ACC0003059370,1986102,2025-02-03,09:01:31,Consulting Fees,RTGS,REF745438954998,COMPLETED,0.56,,Runner network,UNKNOWN,MISC_TRANSACTION,1,MULE_ACCOUNT,YES,CDR0013,UNKNOWN,B
ACC0007441381,ACC0009310719,6235,2025-01-19,12:24:11,Hardware Bundle,IMPS,REF158121610311,COMPLETED,0.75,,Hacker payment pattern,UNKNOWN,MISC_TRANSACTION,3,FINAL_BENEFICIARY,NO,CDR0012,UNKNOWN,B
ACC0001436075,ACC0006640806,994036,2025-02-13,19:55:27,Commodity Deal,CHEQUE,REF163361078655,COMPLETED,0.85,,Runner network,UNKNOWN,ASSET_CONVERSION,2,MULE_ACCOUNT,YES,NO_MATCH,UNKNOWN,B
ACC0009971807,ACC0008776282,198977,2025-01-29,20:47:59,Commodity Trading,NEFT,REF116783497813,COMPLETED,0.49,,High value transaction,UNKNOWN,ASSET_CONVERSION,2,INTERMEDIARY_ACCOUNT,NO,CDR0002,UNKNOWN,B
ACC0005963118,ACC0006662853,240481,2025-01-28,14:42:16,SIM Bulk Order,DEMAND_DRAFT,REF769033772727,COMPLETED,0.31,,Runner network,UNKNOWN,MISC_TRANSACTION,2,INTERMEDIARY_ACCOUNT,NO,CDR0008,UNKNOWN,B
ACC0005437867,ACC0003999504,34085,2025-02-03,07:22:30,Integration Fee,DEMAND_DRAFT,REF338613816208,COMPLETED,0.58,,Hacker payment pattern,UNKNOWN,MISC_TRANSACTION,3,FINAL_BENEFICIARY,NO,CDR0013,UNKNOWN,B
ACC0006268490,ACC0002074471,470539,2025-01-21,21:08:14,Integration Fee,NEFT,REF819913610493,COMPLETED,0.33,,Circular flow detected,UNKNOWN,MISC_TRANSACTION,2,INTERMEDIARY_ACCOUNT,NO,CDR0033,UNKNOWN,B
ACC0009501337,ACC0008387157,133187,2025-01-08,14:16:01,Entertainment,DEMAND_DRAFT,REF694223049299,COMPLETED,0.79,,Mule account pattern,UNKNOWN,MISC_TRANSACTION,2,INTERMEDIARY_ACCOUNT,NO,NO_MATCH,UNKNOWN,C
ACC0002299884,ACC0009505007,79670,2025-01-18,16:36:23,Entertainment,IMPS,REF804681267877,COMPLETED,0.59,,Cross-border link,UNKNOWN,MISC_TRANSACTION,3,INTERMEDIARY_ACCOUNT,NO,CDR0006,UNKNOWN,B
ACC0007044611,ACC0006620128,693549,2025-02-13,06:10:23,Consulting Fees,RTGS,REF267204401908,COMPLETED,0.92,FIR/2025/DL/007,Night time unusual,UNKNOWN,MISC_TRANSACTION,2,MULE_ACCOUNT,YES,NO_MATCH,UNKNOWN,A
ACC0006253043,ACC0009569737,38304,2025-01-14,18:48:41,Software License,UPI,REF349075115328,COMPLETED,0.68,,New beneficiary,UNKNOWN,MISC_TRANSACTION,3,FINAL_BENEFICIARY,NO,CDR0020,UNKNOWN,B
ACC0003034109,ACC0009854283,3199694,2025-01-25,14:12:53,Script Update,RTGS,REF370200986171,COMPLETED,0.52,,Cross-border link,UNKNOWN,MISC_TRANSACTION,1,MULE_ACCOUNT,YES,CDR0017,UNKNOWN,B
ACC0002936374,ACC0005044088,579459,2025-02-09,22:04:58,Script Payment,CHEQUE,REF763504391412,COMPLETED,0.46,,Hacker payment pattern,UNKNOWN,MISC_TRANSACTION,2,MULE_ACCOUNT,YES,CDR0049,UNKNOWN,B
ACC0005109477,ACC0007838685,834960,2025-01-26,16:07:05,Investment Transfer,IMPS,REF731997559540,COMPLETED,0.64,,Money laundering layer,UNKNOWN,MISC_TRANSACTION,2,MULE_ACCOUNT,YES,CDR0027,UNKNOWN,B
ACC0003797952,ACC0003026500,3983751,2025-01-11,10:55:02,Treasury Movement,UPI,REF283352353879,COMPLETED,0.97,,Hacker payment pattern,UNKNOWN,MISC_TRANSACTION,1,MULE_ACCOUNT,YES,NO_MATCH,UNKNOWN,B
ACC0008086002,ACC0006945304,155465,2025-01-23,09:21:57,Protection Money,SWIFT,REF776924458780,COMPLETED,0.37,,Multiple account link,UNKNOWN,MISC_TRANSACTION,2,INTERMEDIARY_ACCOUNT,NO,CDR0003,UNKNOWN,B
ACC0006955200,ACC0008531214,4501424,2025-01-23,21:44:08,Commodity Deal,NEFT,REF944921889897,COMPLETED,0.7,,Hacker payment pattern,UNKNOWN,ASSET_CONVERSION,1,MULE_ACCOUNT,YES,CDR0003,UNKNOWN,A
ACC0001130589,ACC0007205454,2344009,2025-01-16,22:46:37,Travel Expense,DEMAND_DRAFT,REF353819246801,COMPLETED,0.5,,Suspicious timing,UNKNOWN,MISC_TRANSACTION,1,MULE_ACCOUNT,YES,NO_MATCH,UNKNOWN,C
ACC0006415686,ACC0007443587,96770,2025-02-01,22:17:36,Cleaning Service,RTGS,REF478384327578,COMPLETED,0.49,,Structured transaction,UNKNOWN,MISC_TRANSACTION,3,INTERMEDIARY_ACCOUNT,NO,CDR0024,UNKNOWN,B
ACC0008363801,ACC0004751945,16096,2025-01-19,14:09:06,Recruitment Fee,SWIFT,REF661948324082,COMPLETED,0.81,FIR/2025/DL/039,Hacker payment pattern,UNKNOWN,MISC_TRANSACTION,3,FINAL_BENEFICIARY,NO,CDR0012,UNKNOWN,A
ACC0004273782,ACC0001111821,587491,2025-02-10,19:46:28,Call Center Rent,NEFT,REF601785486564,COMPLETED,0.5,,Structured transaction,UNKNOWN,MISC_TRANSACTION,2,MULE_ACCOUNT,YES,CDR0005,UNKNOWN,B
ACC0008252219,ACC0009275454,22239,2025-01-27,08:47:50,Hawala Settlement,CHEQUE,REF456801617803,COMPLETED,0.41,,Quick withdrawal,UNKNOWN,HAWALA_SETTLEMENT,3,FINAL_BENEFICIARY,NO,CDR0022,UNKNOWN,B
ACC0009604096,ACC0002242998,654429,2025-01-17,23:42:53,Integration Fee,UPI,REF799861409925,COMPLETED,0.73,,Runner network,UNKNOWN,MISC_TRANSACTION,2,MULE_ACCOUNT,YES,CDR0037,UNKNOWN,A
ACC0004694503,ACC0004282937,173237,2025-02-05,15:08:12,Integration Fee,UPI,REF671019478659,COMPLETED,0.88,FIR/2025/HR/014,Hawala suspected,UNKNOWN,MISC_TRANSACTION,2,INTERMEDIARY_ACCOUNT,NO,CDR0021,UNKNOWN,A+
ACC0002128456,ACC0009232431,41551,2025-01-31,14:39:24,Integration Fee,SWIFT,REF801087765873,COMPLETED,0.54,,Hacker payment pattern,UNKNOWN,MISC_TRANSACTION,3,FINAL_BENEFICIARY,NO,CDR0016,UNKNOWN,B
ACC0006034852,ACC0004890524,4341795,2025-02-12,17:34:30,Food Allowance,UPI,REF221199383755,COMPLETED,0.95,,Cross-border link,UNKNOWN,COVER_PAYMENT,1,MULE_ACCOUNT,YES,NO_MATCH,UNKNOWN,B
ACC0005150620,ACC0008128056,12590,2025-01-27,18:45:08,Logistics,IMPS,REF988371554442,COMPLETED,0.89,FIR/2025/HR/027,Money laundering layer,UNKNOWN,MISC_TRANSACTION,3,FINAL_BENEFICIARY,NO,CDR0022,UNKNOWN,A+
ACC0005880999,ACC0005495016,628873,2025-01-21,16:26:25,Recruitment Cost,IMPS,REF385180156992,COMPLETED,0.92,FIR/2025/UP/032,Cross-border link,UNKNOWN,MISC_TRANSACTION,2,MULE_ACCOUNT,YES,CDR0033,UNKNOWN,A+
ACC0001765519,ACC0006175949,157429,2025-02-08,12:49:40,Trade Settlement,SWIFT,REF463400410158,COMPLETED,0.39,,Night time unusual,UNKNOWN,HAWALA_SETTLEMENT,2,INTERMEDIARY_ACCOUNT,NO,CDR0015,UNKNOWN,B
ACC0007361721,ACC0002514189,26842,2025-02-07,12:23:34,Task Payment,NEFT,REF692010342313,COMPLETED,0.57,,Night time unusual,UNKNOWN,MISC_TRANSACTION,3,FINAL_BENEFICIARY,NO,CDR0026,UNKNOWN,B
ACC0003707912,ACC0007272664,158369,2025-01-05,07:54:01,Distribution,SWIFT,REF650196137073,COMPLETED,0.57,,Suspicious timing,UNKNOWN,FRAUD_DISTRIBUTION,2,INTERMEDIARY_ACCOUNT,NO,NO_MATCH,UNKNOWN,C
ACC0006057767,ACC0001406752,20073,2025-01-29,18:08:52,Bank to Bank,RTGS,REF193896504997,COMPLETED,0.35,,Money laundering layer,UNKNOWN,MISC_TRANSACTION,3,FINAL_BENEFICIARY,NO,CDR0002,UNKNOWN,B
ACC0001247326,ACC0003547579,403721,2025-01-25,19:32:47,Investment Returns,RTGS,REF603688208312,COMPLETED,0.44,,Hawala suspected,UNKNOWN,MISC_TRANSACTION,2,INTERMEDIARY_ACCOUNT,NO,CDR0017,UNKNOWN,B
ACC0005886173,ACC0008206394,626068,2025-02-04,15:58:44,Staff Salary,SWIFT,REF517662437018,COMPLETED,0.31,,Cross-border link,UNKNOWN,COVER_PAYMENT,2,MULE_ACCOUNT,YES,CDR0007,UNKNOWN,B
ACC0002817044,ACC0008587837,56525,2025-02-02,17:30:36,Project Payment,CHEQUE,REF466406279184,COMPLETED,0.4,,New beneficiary,UNKNOWN,MISC_TRANSACTION,3,INTERMEDIARY_ACCOUNT,NO,CDR0018,UNKNOWN,B
ACC0003839639,ACC0004484322,1592783,2025-02-13,21:33:46,Script Update,DEMAND_DRAFT,REF165422787657,COMPLETED,0.82,,Multiple account link,UNKNOWN,MISC_TRANSACTION,1,MULE_ACCOUNT,YES,NO_MATCH,UNKNOWN,B
ACC0006668492,ACC0003526849,3371091,2025-01-05,14:44:13,Distribution,SWIFT,REF640284104445,COMPLETED,0.67,,Cross-border link,UNKNOWN,FRAUD_DISTRIBUTION,1,MULE_ACCOUNT,YES,NO_MATCH,UNKNOWN,C
ACC0008740538,ACC0009103333,38713,2025-01-11,19:44:04,Voice Training,NEFT,REF116135705540,COMPLETED,0.41,,High value transaction,UNKNOWN,MISC_TRANSACTION,3,FINAL_BENEFICIARY,NO,NO_MATCH,UNKNOWN,C
ACC0008341730,ACC0002906975,1716060,2025-01-13,23:26:25,Digital Marketing,RTGS,REF577246386192,COMPLETED,0.98,,New beneficiary,UNKNOWN,MISC_TRANSACTION,1,MULE_ACCOUNT,YES,NO_MATCH,UNKNOWN,B
ACC0006408741,ACC0007234947,93501,2025-02-13,17:33:38,Gold Purchase,IMPS,REF329621321877,COMPLETED,0.94,FIR/2025/HR/047,Circular flow detected,UNKNOWN,ASSET_CONVERSION,3,INTERMEDIARY_ACCOUNT,NO,NO_MATCH,UNKNOWN,A
ACC0009797610,ACC0008950226,133280,2025-02-04,08:00:19,Gift Purchase,NEFT,REF861065059388,COMPLETED,0.36,,Money laundering layer,UNKNOWN,MISC_TRANSACTION,2,INTERMEDIARY_ACCOUNT,NO,CDR0007,UNKNOWN,B
ACC0008863382,ACC0003624846,141869,2025-01-27,06:59:12,Travel Expense,RTGS,REF571879866980,COMPLETED,0.7,,Hacker payment pattern,UNKNOWN,MISC_TRANSACTION,2,INTERMEDIARY_ACCOUNT,NO,CDR0022,UNKNOWN,B
ACC0005273985,ACC0004398864,89956,2025-01-22,11:16:36,Project Payment,NEFT,REF674653243144,COMPLETED,0.7,,Night time unusual,UNKNOWN,MISC_TRANSACTION,3,INTERMEDIARY_ACCOUNT,NO,CDR0023,UNKNOWN,B
ACC0008942448,ACC0004511583,16016,2025-02-13,10:09:10,Delivery Charges,DEMAND_DRAFT,REF452188378560,COMPLETED,0.35,,Hawala suspected,UNKNOWN,MISC_TRANSACTION,3,FINAL_BENEFICIARY,NO,NO_MATCH,UNKNOWN,C
ACC0008913629,ACC0006487648,181170,2025-02-09,18:24:49,Voice Training,CHEQUE,REF488584924158,COMPLETED,0.51,,Hacker payment pattern,UNKNOWN,MISC_TRANSACTION,2,INTERMEDIARY_ACCOUNT,NO,CDR0049,UNKNOWN,B
ACC0004588635,ACC0003786969,1599298,2025-02-09,20:31:44,Gold Purchase,CHEQUE,REF710401782039,COMPLETED,0.91,FIR/2025/HR/023,Money laundering layer,UNKNOWN,ASSET_CONVERSION,1,MULE_ACCOUNT,YES,CDR0049,UNKNOWN,A+
ACC0007135212,ACC0008819455,140699,2025-02-13,23:56:58,Task Payment,IMPS,REF294880730242,COMPLETED,0.93,,Cross-border link,UNKNOWN,MISC_TRANSACTION,2,INTERMEDIARY_ACCOUNT,NO,NO_MATCH,UNKNOWN,B
ACC0009824859,ACC0004269688,544406,2025-01-21,22:58:00,Trade Finance,RTGS,REF808813606321,COMPLETED,0.49,,Multiple account link,UNKNOWN,MISC_TRANSACTION,2,MULE_ACCOUNT,YES,CDR0033,UNKNOWN,B
ACC0005245272,ACC0005599873,45977,2025-02-04,20:31:11,Delivery Charges,CHEQUE,REF812427428909,COMPLETED,0.81,,Money laundering layer,UNKNOWN,MISC_TRANSACTION,3,FINAL_BENEFICIARY,NO,CDR0007,UNKNOWN,B
ACC0003570131,ACC0003968018,13627,2025-01-08,20:40:45,Business Transfer,RTGS,REF407279498790,COMPLETED,0.97,FIR/2025/DL/042,Cross-border link,UNKNOWN,MISC_TRANSACTION,3,FINAL_BENEFICIARY,NO,NO_MATCH,UNKNOWN,A
ACC0006309658,ACC0003838932,1059438,2025-01-31,07:04:12,Distribution,SWIFT,REF899497484613,COMPLETED,0.48,,Suspicious timing,UNKNOWN,FRAUD_DISTRIBUTION,1,MULE_ACCOUNT,YES,CDR0016,UNKNOWN,B
ACC0004333354,ACC0009480309,31820,2025-01-24,14:35:22,Trade Settlement,RTGS,REF724772796208,COMPLETED,0.87,,Mule account pattern,UNKNOWN,HAWALA_SETTLEMENT,3,FINAL_BENEFICIARY,NO,CDR0029,UNKNOWN,A
ACC0002950547,ACC0002519373,16960,2025-01-15,06:13:40,Script Payment,IMPS,REF436067155477,COMPLETED,0.87,FIR/2025/HR/013,Suspicious timing,UNKNOWN,MISC_TRANSACTION,3,FINAL_BENEFICIARY,NO,CDR0004,UNKNOWN,A+
ACC0001894817,ACC0007363773,492514,2025-01-31,13:53:12,Travel Expense,NEFT,REF384734566310,COMPLETED,0.77,,Cross-border link,UNKNOWN,MISC_TRANSACTION,2,INTERMEDIARY_ACCOUNT,NO,CDR0016,UNKNOWN,B
ACC0007100417,ACC0006852886,187112,2025-01-07,18:09:34,Script Update,NEFT,REF873067293946,COMPLETED,0.6,,High value transaction,UNKNOWN,MISC_TRANSACTION,2,INTERMEDIARY_ACCOUNT,NO,CDR0011,UNKNOWN,B
ACC0006740847,ACC0009451778,120503,2025-01-21,12:29:16,Consulting Fees,UPI,REF823775131882,COMPLETED,0.73,,Round figure suspicious,UNKNOWN,MISC_TRANSACTION,2,INTERMEDIARY_ACCOUNT,NO,CDR0033,UNKNOWN,B
ACC0006418889,ACC0007245868,41947,2025-01-25,09:40:22,Digital Marketing,NEFT,REF621500975371,COMPLETED,0.53,,Hacker payment pattern,UNKNOWN,MISC_TRANSACTION,3,FINAL_BENEFICIARY,NO,CDR0017,UNKNOWN,B
ACC0007006319,ACC0006138452,15665,2025-02-02,20:37:36,Gift Purchase,IMPS,REF541226091416,COMPLETED,0.62,,Round figure suspicious,UNKNOWN,MISC_TRANSACTION,3,FINAL_BENEFICIARY,NO,CDR0018,UNKNOWN,B
ACC0006668656,ACC0009095972,155159,2025-02-06,09:26:27,Logistics,RTGS,REF735457513745,COMPLETED,0.57,,Hacker payment pattern,UNKNOWN,MISC_TRANSACTION,2,INTERMEDIARY_ACCOUNT,NO,CDR0034,UNKNOWN,B
ACC0006042941,ACC0009792694,198894,2025-01-26,07:05:19,Logistics,NEFT,REF481399493771,COMPLETED,0.61,,Quick withdrawal,UNKNOWN,MISC_TRANSACTION,2,INTERMEDIARY_ACCOUNT,NO,CDR0027,UNKNOWN,B
ACC0003474488,ACC0004362263,128979,2025-01-20,12:27:05,Commodity Deal,NEFT,REF852281294206,COMPLETED,0.68,,Circular flow detected,UNKNOWN,ASSET_CONVERSION,2,INTERMEDIARY_ACCOUNT,NO,CDR0019,UNKNOWN,B
ACC0006783305,ACC0002676269,194134,2025-02-04,18:53:29,Trade Settlement,NEFT,REF525613326953,COMPLETED,0.39,,Hacker payment pattern,UNKNOWN,HAWALA_SETTLEMENT,2,INTERMEDIARY_ACCOUNT,NO,CDR0007,UNKNOWN,B
ACC0005751216,ACC0008123479,760060,2025-02-05,06:14:56,Trade Finance,NEFT,REF360995902335,COMPLETED,0.55,,Round figure suspicious,UNKNOWN,MISC_TRANSACTION,2,MULE_ACCOUNT,YES,CDR0021,UNKNOWN,B
ACC0007680364,ACC0002296369,110312,2025-01-07,12:19:27,Software License,RTGS,REF818909091622,COMPLETED,0.42,,Hawala suspected,UNKNOWN,MISC_TRANSACTION,2,INTERMEDIARY_ACCOUNT,NO,CDR0011,UNKNOWN,B
ACC0009064003,ACC0001584294,1685948,2025-02-07,09:29:51,Software License,RTGS,REF906105513751,COMPLETED,0.37,,Cross-border link,UNKNOWN,MISC_TRANSACTION,1,MULE_ACCOUNT,YES,CDR0026,UNKNOWN,B
ACC0003159890,ACC0009505552,3039016,2025-02-01,07:19:27,Gold Purchase,CHEQUE,REF227277564143,COMPLETED,0.71,,Night time unusual,UNKNOWN,ASSET_CONVERSION,1,MULE_ACCOUNT,YES,CDR0024,UNKNOWN,A
ACC0008944805,ACC0006621432,145646,2025-02-01,23:48:24,Entertainment,UPI,REF104940875500,COMPLETED,0.53,,High value transaction,UNKNOWN,MISC_TRANSACTION,2,INTERMEDIARY_ACCOUNT,NO,CDR0024,UNKNOWN,B
ACC0009638526,ACC0008633454,33500,2025-01-12,21:29:23,Business Transfer,SWIFT,REF506674938298,COMPLETED,0.47,,Night time unusual,UNKNOWN,MISC_TRANSACTION,3,FINAL_BENEFICIARY,NO,CDR0014,UNKNOWN,B
ACC0001394773,ACC0005483468,16713,2025-02-02,16:19:40,Consulting Fees,SWIFT,REF491321699988,COMPLETED,0.8,,High value transaction,UNKNOWN,MISC_TRANSACTION,3,FINAL_BENEFICIARY,NO,CDR0018,UNKNOWN,B
ACC0003939932,ACC0002410072,74791,2025-02-14,21:27:57,Travel Expense,RTGS,REF606685249535,COMPLETED,0.77,,Money laundering layer,UNKNOWN,MISC_TRANSACTION,3,INTERMEDIARY_ACCOUNT,NO,NO_MATCH,UNKNOWN,C
ACC0002284063,ACC0006479245,29431,2025-01-29,22:46:05,Protection Money,CHEQUE,REF433930559045,COMPLETED,0.59,,Multiple account link,UNKNOWN,MISC_TRANSACTION,3,FINAL_BENEFICIARY,NO,CDR0002,UNKNOWN,B
ACC0002330152,ACC0008271837,798626,2025-02-13,22:34:54,Commodity Trading,CHEQUE,REF154971089285,COMPLETED,0.55,,Suspicious timing,UNKNOWN,ASSET_CONVERSION,2,MULE_ACCOUNT,YES,NO_MATCH,UNKNOWN,C
ACC0004115755,ACC0005644836,61991,2025-01-23,14:00:26,Recruitment Fee,UPI,REF558625415030,COMPLETED,0.75,,Round figure suspicious,UNKNOWN,MISC_TRANSACTION,3,INTERMEDIARY_ACCOUNT,NO,CDR0003,UNKNOWN,B
ACC0006337828,ACC0002629867,218950,2025-01-19,08:39:18,Commodity Deal,CHEQUE,REF746223545953,COMPLETED,0.59,,Structured transaction,UNKNOWN,ASSET_CONVERSION,2,INTERMEDIARY_ACCOUNT,NO,CDR0012,UNKNOWN,B
ACC0001210843,ACC0006753758,4450354,2025-01-14,20:54:47,Data Package,NEFT,REF866790133642,COMPLETED,0.42,,Money laundering layer,UNKNOWN,MISC_TRANSACTION,1,MULE_ACCOUNT,YES,CDR0020,UNKNOWN,B
ACC0002318832,ACC0009162761,287128,2025-01-24,15:48:20,Recruitment Cost,CHEQUE,REF132072153368,COMPLETED,0.41,,Round figure suspicious,UNKNOWN,MISC_TRANSACTION,2,INTERMEDIARY_ACCOUNT,NO,CDR0029,UNKNOWN,B
ACC0008239885,ACC0007969137,4120780,2025-01-20,18:58:34,Commission,IMPS,REF236793283295,COMPLETED,0.37,,Round figure suspicious,UNKNOWN,MISC_TRANSACTION,1,MULE_ACCOUNT,YES,CDR0019,UNKNOWN,B
ACC0005854470,ACC0003996787,776790,2025-01-18,19:57:38,Travel Expense,RTGS,REF498446262143,COMPLETED,0.73,,New beneficiary,UNKNOWN,MISC_TRANSACTION,2,MULE_ACCOUNT,YES,CDR0006,UNKNOWN,A
ACC0009986330,ACC0009934008,3075480,2025-01-23,20:10:59,Profit Share,IMPS,REF101238702124,COMPLETED,0.66,,Quick withdrawal,UNKNOWN,MISC_TRANSACTION,1,MULE_ACCOUNT,YES,CDR0003,UNKNOWN,B
ACC0003890222,ACC0002649587,159602,2025-02-14,06:39:14,Commission,SWIFT,REF652418351277,COMPLETED,0.98,,Money laundering layer,UNKNOWN,MISC_TRANSACTION,2,INTERMEDIARY_ACCOUNT,NO,NO_MATCH,UNKNOWN,B
ACC0006452935,ACC0005193310,15909,2025-01-28,06:47:38,SIM Bulk Order,IMPS,REF660716816784,COMPLETED,0.89,,Multiple account link,UNKNOWN,MISC_TRANSACTION,3,FINAL_BENEFICIARY,NO,CDR0008,UNKNOWN,A
ACC0005015044,ACC0003939552,538400,2025-01-09,06:13:36,Training Material,IMPS,REF852671745521,COMPLETED,0.71,,New beneficiary,UNKNOWN,MISC_TRANSACTION,2,MULE_ACCOUNT,YES,CDR0001,UNKNOWN,A
ACC0002864909,ACC0006557607,15437,2025-01-05,07:43:43,Investment Transfer,DEMAND_DRAFT,REF178964329214,COMPLETED,0.83,FIR/2025/UP/046,Multiple account link,UNKNOWN,MISC_TRANSACTION,3,FINAL_BENEFICIARY,NO,NO_MATCH,UNKNOWN,B
ACC0009961899,ACC0001397957,961299,2025-01-30,07:23:25,Trade Settlement,SWIFT,REF815667257444,COMPLETED,0.6,,Runner network,UNKNOWN,HAWALA_SETTLEMENT,2,MULE_ACCOUNT,YES,CDR0025,UNKNOWN,B
ACC0005404004,ACC0002875419,632949,2025-01-14,13:50:30,Recruitment Fee,RTGS,REF461194404586,COMPLETED,0.74,,Night time unusual,UNKNOWN,MISC_TRANSACTION,2,MULE_ACCOUNT,YES,CDR0020,UNKNOWN,A
ACC0005105861,ACC0005362068,922672,2025-02-02,14:36:17,Trade Finance,UPI,REF253593711621,COMPLETED,0.4,,Hacker payment pattern,UNKNOWN,MISC_TRANSACTION,2,MULE_ACCOUNT,YES,CDR0018,UNKNOWN,B
ACC0007221849,ACC0007085502,950609,2025-02-04,20:43:18,Referral Bonus,CHEQUE,REF863667513267,COMPLETED,0.39,,Suspicious timing,UNKNOWN,MISC_TRANSACTION,2,MULE_ACCOUNT,YES,CDR0007,UNKNOWN,B
ACC0004823830,ACC0001469840,18871,2025-01-21,17:46:32,Bank to Bank,DEMAND_DRAFT,REF671213975238,COMPLETED,0.58,,Quick withdrawal,UNKNOWN,MISC_TRANSACTION,3,FINAL_BENEFICIARY,NO,CDR0033,UNKNOWN,B
ACC0003615179,ACC0009406983,2585357,2025-01-15,22:30:11,Delivery Charges,IMPS,REF834500536139,COMPLETED,0.94,,High value transaction,UNKNOWN,MISC_TRANSACTION,1,MULE_ACCOUNT,YES,CDR0004,UNKNOWN,A
ACC0004763297,ACC0003518067,881570,2025-02-05,20:36:58,Integration Fee,UPI,REF923946427847,COMPLETED,0.88,FIR/2025/HR/015,Cross-border link,UNKNOWN,MISC_TRANSACTION,2,MULE_ACCOUNT,YES,CDR0021,UNKNOWN,A+
ACC0001550972,ACC0007685573,46051,2025-01-22,23:34:54,Bank to Bank,SWIFT,REF189647201458,COMPLETED,0.96,FIR/2025/DL/029,High value transaction,UNKNOWN,MISC_TRANSACTION,3,FINAL_BENEFICIARY,NO,CDR0023,UNKNOWN,A+
ACC0005296176,ACC0004064939,3892549,2025-01-16,07:38:17,Voice Package,RTGS,REF916436170997,COMPLETED,0.43,,Money laundering layer,UNKNOWN,MISC_TRANSACTION,1,MULE_ACCOUNT,YES,NO_MATCH,UNKNOWN,C
ACC0004485165,ACC0004818263,20986,2025-01-25,08:12:30,Trade Settlement,IMPS,REF620049183853,COMPLETED,0.43,,Round figure suspicious,UNKNOWN,HAWALA_SETTLEMENT,3,FINAL_BENEFICIARY,NO,CDR0017,UNKNOWN,B
ACC0009174374,ACC0006032509,42311,2025-02-02,12:37:51,Integration Fee,SWIFT,REF601461239009,COMPLETED,0.97,,Round figure suspicious,UNKNOWN,MISC_TRANSACTION,3,FINAL_BENEFICIARY,NO,CDR0018,UNKNOWN,A
ACC0005542317,ACC0009264542,3127740,2025-02-06,15:41:19,Gold Purchase,DEMAND_DRAFT,REF372868678403,COMPLETED,0.53,,Quick withdrawal,UNKNOWN,ASSET_CONVERSION,1,MULE_ACCOUNT,YES,CDR0034,UNKNOWN,B
ACC0008382709,ACC0002870157,2338853,2025-02-05,11:11:04,Distribution,IMPS,REF433602892530,COMPLETED,0.36,,High value transaction,UNKNOWN,FRAUD_DISTRIBUTION,1,MULE_ACCOUNT,YES,CDR0021,UNKNOWN,B
ACC0002823879,ACC0004889005,726154,2025-02-07,21:06:43,Card Processing,SWIFT,REF727968422169,COMPLETED,0.76,FIR/2025/UP/011,Night time unusual,UNKNOWN,MISC_TRANSACTION,2,MULE_ACCOUNT,YES,CDR0026,UNKNOWN,A+
ACC0007647803,ACC0003881944,3166216,2025-02-12,19:49:46,Travel Expense,NEFT,REF391769341363,COMPLETED,0.62,,Suspicious timing,UNKNOWN,MISC_TRANSACTION,1,MULE_ACCOUNT,YES,NO_MATCH,UNKNOWN,C
ACC0006598928,ACC0006938019,2783828,2025-01-31,06:48:25,Business Transfer,IMPS,REF810188355642,COMPLETED,0.85,,Money laundering layer,UNKNOWN,MISC_TRANSACTION,1,MULE_ACCOUNT,YES,CDR0016,UNKNOWN,A
ACC0004392572,ACC0004499878,509116,2025-01-06,16:27:50,Voice Training,RTGS,REF716577207842,COMPLETED,0.8,,Runner network,UNKNOWN,MISC_TRANSACTION,2,MULE_ACCOUNT,YES,NO_MATCH,UNKNOWN,B
ACC0005596336,ACC0002792386,2365174,2025-02-11,21:02:49,Hardware Bundle,IMPS,REF876997754711,COMPLETED,0.63,,Money laundering layer,UNKNOWN,MISC_TRANSACTION,1,MULE_ACCOUNT,YES,NO_MATCH,UNKNOWN,C
ACC0002701879,ACC0001941446,489455,2025-02-02,15:07:30,Commission,CHEQUE,REF456800064893,COMPLETED,0.96,FIR/2025/HR/027,Runner network,UNKNOWN,MISC_TRANSACTION,2,INTERMEDIARY_ACCOUNT,NO,CDR0018,UNKNOWN,A+
ACC0003523621,ACC0006013965,1369120,2025-01-20,16:36:34,Distribution,CHEQUE,REF711005136182,COMPLETED,0.66,,Circular flow detected,UNKNOWN,FRAUD_DISTRIBUTION,1,MULE_ACCOUNT,YES,CDR0019,UNKNOWN,B
ACC0002140916,ACC0006267395,166874,2025-01-16,16:29:14,Training Material,RTGS,REF316178640894,COMPLETED,0.76,,Round figure suspicious,UNKNOWN,MISC_TRANSACTION,2,INTERMEDIARY_ACCOUNT,NO,NO_MATCH,UNKNOWN,C
ACC0001388196,ACC0003353339,2662236,2025-01-08,22:03:58,API Access,RTGS,REF718544874544,COMPLETED,0.6,,Night time unusual,UNKNOWN,MISC_TRANSACTION,1,MULE_ACCOUNT,YES,NO_MATCH,UNKNOWN,C
ACC0009254549,ACC0005742020,42671,2025-02-10,08:35:49,Trade Settlement,SWIFT,REF976852894937,COMPLETED,0.65,,Round figure suspicious,UNKNOWN,HAWALA_SETTLEMENT,3,FINAL_BENEFICIARY,NO,CDR0005,UNKNOWN,B
ACC0004202560,ACC0002226138,2953350,2025-01-14,16:04:11,SIM Bulk Order,SWIFT,REF599675677956,COMPLETED,0.66,,Hacker payment pattern,UNKNOWN,MISC_TRANSACTION,1,MULE_ACCOUNT,YES,CDR0020,UNKNOWN,B
ACC0001360433,ACC0007735482,3615944,2025-01-06,06:14:20,Treasury Movement,NEFT,REF740907432301,COMPLETED,0.76,,Quick withdrawal,UNKNOWN,MISC_TRANSACTION,1,MULE_ACCOUNT,YES,NO_MATCH,UNKNOWN,B
ACC0004361005,ACC0006949960,90004,2025-01-18,15:11:06,Investment Returns,SWIFT,REF146577624618,COMPLETED,0.83,FIR/2025/HR/023,Cross-border link,UNKNOWN,MISC_TRANSACTION,3,INTERMEDIARY_ACCOUNT,NO,CDR0006,UNKNOWN,A
ACC0006290464,ACC0004860502,104737,2025-02-01,14:14:59,Recruitment Fee,DEMAND_DRAFT,REF127295997922,COMPLETED,0.39,,Money laundering layer,UNKNOWN,MISC_TRANSACTION,2,INTERMEDIARY_ACCOUNT,NO,CDR0024,UNKNOWN,B
ACC0008448286,ACC0004499464,2839398,2025-01-17,12:49:24,Regional Payment,DEMAND_DRAFT,REF199319612557,COMPLETED,0.96,FIR/2025/HR/038,Circular flow detected,UNKNOWN,MISC_TRANSACTION,1,MULE_ACCOUNT,YES,CDR0037,UNKNOWN,A+
ACC0004517141,ACC0003019277,2329089,2025-01-17,12:05:51,API Access,RTGS,REF381225778214,COMPLETED,0.65,,Hawala suspected,UNKNOWN,MISC_TRANSACTION,1,MULE_ACCOUNT,YES,CDR0037,UNKNOWN,B
ACC0008046664,ACC0007716059,577898,2025-01-09,19:54:41,Card Processing,NEFT,REF873092852971,COMPLETED,0.36,,Money laundering layer,UNKNOWN,MISC_TRANSACTION,2,MULE_ACCOUNT,YES,CDR0001,UNKNOWN,B
ACC0005608971,ACC0006423586,7973,2025-01-13,22:09:08,Gift Purchase,IMPS,REF141928707011,COMPLETED,0.34,,Cross-border link,UNKNOWN,MISC_TRANSACTION,3,FINAL_BENEFICIARY,NO,NO_MATCH,UNKNOWN,C
ACC0007960470,ACC0003642121,95198,2025-01-16,17:56:59,Trade Settlement,DEMAND_DRAFT,REF130762160870,COMPLETED,0.64,,Hacker payment pattern,UNKNOWN,HAWALA_SETTLEMENT,3,INTERMEDIARY_ACCOUNT,NO,NO_MATCH,UNKNOWN,C
ACC0005449004,ACC0006386706,1119524,2025-01-07,10:58:26,Consulting Fees,SWIFT,REF939137983327,COMPLETED,0.71,FIR/2025/HR/011,Mule account pattern,UNKNOWN,MISC_TRANSACTION,1,MULE_ACCOUNT,YES,CDR0011,UNKNOWN,A+
ACC0001250625,ACC0006849651,19594,2025-02-04,20:26:54,Staff Salary,IMPS,REF991649259877,COMPLETED,0.73,,Hacker payment pattern,UNKNOWN,COVER_PAYMENT,3,FINAL_BENEFICIARY,NO,CDR0007,UNKNOWN,B
ACC0005309422,ACC0003150815,26160,2025-02-04,21:47:53,Script Update,NEFT,REF341058617114,COMPLETED,0.65,,Multiple account link,UNKNOWN,MISC_TRANSACTION,3,FINAL_BENEFICIARY,NO,CDR0007,UNKNOWN,B
ACC0002590298,ACC0007775286,461912,2025-01-16,15:21:45,Training Material,CHEQUE,REF673768051147,COMPLETED,0.65,,Cross-border link,UNKNOWN,MISC_TRANSACTION,2,INTERMEDIARY_ACCOUNT,NO,NO_MATCH,UNKNOWN,C
ACC0008080336,ACC0007287608,48332,2025-01-29,07:50:12,Profit Share,UPI,REF796398686706,COMPLETED,0.32,,Cross-border link,UNKNOWN,MISC_TRANSACTION,3,FINAL_BENEFICIARY,NO,CDR0002,UNKNOWN,B
ACC0001196503,ACC0009066089,3637013,2025-02-02,12:29:39,Gold Purchase,SWIFT,REF230738216085,COMPLETED,0.81,,Cross-border link,UNKNOWN,ASSET_CONVERSION,1,MULE_ACCOUNT,YES,CDR0018,UNKNOWN,A
ACC0004125920,ACC0005282961,27346,2025-01-26,22:16:04,Script Payment,IMPS,REF128528429905,COMPLETED,0.96,FIR/2025/DL/007,Structured transaction,UNKNOWN,MISC_TRANSACTION,3,FINAL_BENEFICIARY,NO,CDR0027,UNKNOWN,A+
ACC0002864568,ACC0003017925,332434,2025-01-24,20:27:35,Software License,DEMAND_DRAFT,REF658224113985,COMPLETED,0.42,,Runner network,UNKNOWN,MISC_TRANSACTION,2,INTERMEDIARY_ACCOUNT,NO,CDR0029,UNKNOWN,B
ACC0004722144,ACC0001280502,142782,2025-02-10,22:33:03,Staff Salary,RTGS,REF351425054239,COMPLETED,0.77,,Circular flow detected,UNKNOWN,COVER_PAYMENT,2,INTERMEDIARY_ACCOUNT,NO,CDR0005,UNKNOWN,B
ACC0002680038,ACC0003778902,109312,2025-02-08,19:54:12,Travel Expense,UPI,REF542162154842,COMPLETED,0.5,,Structured transaction,UNKNOWN,MISC_TRANSACTION,2,INTERMEDIARY_ACCOUNT,NO,CDR0015,UNKNOWN,B
ACC0006400942,ACC0003283712,278507,2025-01-18,08:03:48,Investment Transfer,NEFT,REF628898557481,COMPLETED,0.86,FIR/2025/DL/026,Quick withdrawal,UNKNOWN,MISC_TRANSACTION,2,INTERMEDIARY_ACCOUNT,NO,CDR0006,UNKNOWN,A+
ACC0008029809,ACC0007559885,460647,2025-01-09,13:17:08,Bank Transfer,UPI,REF914866874844,COMPLETED,0.7,,Structured transaction,UNKNOWN,MISC_TRANSACTION,2,INTERMEDIARY_ACCOUNT,NO,CDR0001,UNKNOWN,B
ACC0003389217,ACC0005621624,867687,2025-02-07,09:49:40,Trade Finance,IMPS,REF826846683568,COMPLETED,0.6,,Circular flow detected,UNKNOWN,MISC_TRANSACTION,2,MULE_ACCOUNT,YES,CDR0026,UNKNOWN,B
ACC0002181161,ACC0006727358,600033,2025-01-12,20:27:37,Performance Pay,CHEQUE,REF635988105580,COMPLETED,0.82,FIR/2025/DL/034,Mule account pattern,UNKNOWN,MISC_TRANSACTION,2,MULE_ACCOUNT,YES,CDR0014,UNKNOWN,A+
ACC0007082569,ACC0005048217,2813941,2025-01-08,09:55:49,Travel Expense,DEMAND_DRAFT,REF906268665598,COMPLETED,0.49,,Hawala suspected,UNKNOWN,MISC_TRANSACTION,1,MULE_ACCOUNT,YES,NO_MATCH,UNKNOWN,C
ACC0005215259,ACC0006983783,3990939,2025-01-20,21:14:37,Treasury Movement,CHEQUE,REF212810555137,COMPLETED,0.98,,Round figure suspicious,UNKNOWN,MISC_TRANSACTION,1,MULE_ACCOUNT,YES,CDR0019,UNKNOWN,A
ACC0009706817,ACC0007418748,7759,2025-02-10,09:07:48,Commodity Trading,RTGS,REF841225980190,COMPLETED,0.78,,Multiple account link,UNKNOWN,ASSET_CONVERSION,3,FINAL_BENEFICIARY,NO,CDR0005,UNKNOWN,B
ACC0001668822,ACC0006826801,47407,2025-01-30,19:42:58,Investment Returns,NEFT,REF300003441425,COMPLETED,0.32,,Hacker payment pattern,UNKNOWN,MISC_TRANSACTION,3,FINAL_BENEFICIARY,NO,CDR0025,UNKNOWN,B
ACC0007914627,ACC0001476046,576007,2025-01-27,13:17:28,Business Transfer,RTGS,REF866472152337,COMPLETED,0.97,FIR/2025/UP/050,High value transaction,UNKNOWN,MISC_TRANSACTION,2,MULE_ACCOUNT,YES,CDR0022,UNKNOWN,A+
ACC0006400269,ACC0007733046,27841,2025-01-26,17:39:34,Bank to Bank,DEMAND_DRAFT,REF448869760655,COMPLETED,0.86,FIR/2025/DL/047,Quick withdrawal,UNKNOWN,MISC_TRANSACTION,3,FINAL_BENEFICIARY,NO,CDR0027,UNKNOWN,A+
ACC0007812644,ACC0006249999,1780946,2025-01-17,14:54:45,Data Package,RTGS,REF986210672315,COMPLETED,0.6,,Circular flow detected,UNKNOWN,MISC_TRANSACTION,1,MULE_ACCOUNT,YES,CDR0037,UNKNOWN,B
ACC0006415010,ACC0001267216,810110,2025-02-09,23:11:25,Cleaning Service,CHEQUE,REF315074504651,COMPLETED,0.36,,Runner network,UNKNOWN,MISC_TRANSACTION,2,MULE_ACCOUNT,YES,CDR0049,UNKNOWN,B
ACC0005418616,ACC0003445538,189677,2025-01-29,09:54:47,Food Allowance,SWIFT,REF452540414424,COMPLETED,0.98,FIR/2025/UP/003,New beneficiary,UNKNOWN,COVER_PAYMENT,2,INTERMEDIARY_ACCOUNT,NO,CDR0002,V003,A+
ACC0003600666,ACC0005593405,179628,2025-01-20,13:28:41,Recruitment Fee,NEFT,REF422175883629,COMPLETED,0.47,,Runner network,UNKNOWN,MISC_TRANSACTION,2,INTERMEDIARY_ACCOUNT,NO,CDR0019,UNKNOWN,B
ACC0008364357,ACC0007954589,1806309,2025-01-16,22:37:25,Integration Fee,SWIFT,REF529407098278,COMPLETED,0.81,,Hawala suspected,UNKNOWN,MISC_TRANSACTION,1,MULE_ACCOUNT,YES,NO_MATCH,UNKNOWN,B
ACC0007211403,ACC0007115538,20381,2025-01-13,16:55:52,Gift Purchase,NEFT,REF691827411184,COMPLETED,0.69,,New beneficiary,UNKNOWN,MISC_TRANSACTION,3,FINAL_BENEFICIARY,NO,NO_MATCH,UNKNOWN,C
ACC0006259401,ACC0002758380,109722,2025-02-03,14:36:53,Business Transfer,IMPS,REF583694088442,COMPLETED,0.64,,Money laundering layer,UNKNOWN,MISC_TRANSACTION,2,INTERMEDIARY_ACCOUNT,NO,CDR0013,UNKNOWN,B
ACC0008524049,ACC0001965457,27780,2025-01-27,08:46:17,Script Update,RTGS,REF133190478639,COMPLETED,0.79,FIR/2025/UP/028,Hawala suspected,UNKNOWN,MISC_TRANSACTION,3,FINAL_BENEFICIARY,NO,CDR0022,UNKNOWN,A
ACC0004610526,ACC0008585176,931073,2025-01-26,13:36:51,API Access,IMPS,REF942433066333,COMPLETED,0.67,,Runner network,UNKNOWN,MISC_TRANSACTION,2,MULE_ACCOUNT,YES,CDR0027,UNKNOWN,B
ACC0001113671,ACC0001888704,28484,2025-02-07,19:46:10,Commodity Deal,NEFT,REF952987056804,COMPLETED,0.82,FIR/2025/DL/012,Quick withdrawal,UNKNOWN,ASSET_CONVERSION,3,FINAL_BENEFICIARY,NO,CDR0026,UNKNOWN,A
ACC0009304303,ACC0003004878,4968428,2025-02-10,18:51:26,Voice Training,CHEQUE,REF252361420329,COMPLETED,0.88,,Cross-border link,UNKNOWN,MISC_TRANSACTION,1,MULE_ACCOUNT,YES,CDR0005,UNKNOWN,A
ACC0003976461,ACC0008220257,295142,2025-01-30,12:14:22,SIM Bulk Order,CHEQUE,REF469717521085,COMPLETED,0.61,,Money laundering layer,UNKNOWN,MISC_TRANSACTION,2,INTERMEDIARY_ACCOUNT,NO,CDR0025,UNKNOWN,B
ACC0002021747,ACC0001992308,49742,2025-02-07,06:00:20,Voice Training,RTGS,REF976292099497,COMPLETED,0.92,FIR/2025/HR/024,Circular flow detected,UNKNOWN,MISC_TRANSACTION,3,FINAL_BENEFICIARY,NO,CDR0026,UNKNOWN,A+
ACC0004162204,ACC0009358431,16913,2025-01-14,17:36:11,Recruitment Cost,CHEQUE,REF296589172675,COMPLETED,0.64,,Hacker payment pattern,UNKNOWN,MISC_TRANSACTION,3,FINAL_BENEFICIARY,NO,CDR0020,UNKNOWN,B
ACC0003018015,ACC0006228876,78252,2025-02-11,22:10:57,Project Payment,IMPS,REF762254578168,COMPLETED,0.41,,Hacker payment pattern,UNKNOWN,MISC_TRANSACTION,3,INTERMEDIARY_ACCOUNT,NO,NO_MATCH,UNKNOWN,C
ACC0007523750,ACC0008515111,195348,2025-01-28,10:15:52,Data Package,NEFT,REF545792067274,COMPLETED,0.33,,Runner network,UNKNOWN,MISC_TRANSACTION,2,INTERMEDIARY_ACCOUNT,NO,CDR0008,UNKNOWN,B
ACC0009721531,ACC0002525946,3361379,2025-02-08,12:18:20,Commission,IMPS,REF318027669462,COMPLETED,0.5,,Hawala suspected,UNKNOWN,MISC_TRANSACTION,1,MULE_ACCOUNT,YES,CDR0015,UNKNOWN,B
ACC0007326133,ACC0002382256,715101,2025-02-09,21:39:24,Card Processing,IMPS,REF967550268238,COMPLETED,0.82,FIR/2025/HR/045,New beneficiary,UNKNOWN,MISC_TRANSACTION,2,MULE_ACCOUNT,YES,CDR0049,UNKNOWN,A+
ACC0001698478,ACC0004155440,130509,2025-01-25,07:34:01,Business Transfer,RTGS,REF307811569114,COMPLETED,0.54,,Multiple account link,UNKNOWN,MISC_TRANSACTION,2,INTERMEDIARY_ACCOUNT,NO,CDR0017,UNKNOWN,B
ACC0009529114,ACC0009791000,16684,2025-01-18,09:29:11,Hawala Settlement,CHEQUE,REF178685134582,COMPLETED,0.79,FIR/2025/UP/014,Money laundering layer,UNKNOWN,HAWALA_SETTLEMENT,3,FINAL_BENEFICIARY,NO,CDR0006,UNKNOWN,A
ACC0007400318,ACC0004456607,126137,2025-01-26,11:24:52,Hawala Settlement,RTGS,REF148971039882,COMPLETED,0.41,,Hacker payment pattern,UNKNOWN,HAWALA_SETTLEMENT,2,INTERMEDIARY_ACCOUNT,NO,CDR0027,UNKNOWN,B
ACC0008094088,ACC0006196562,18426,2025-01-31,19:24:17,Task Payment,DEMAND_DRAFT,REF635922692095,COMPLETED,0.47,,Money laundering layer,UNKNOWN,MISC_TRANSACTION,3,FINAL_BENEFICIARY,NO,CDR0016,UNKNOWN,B
ACC0008535120,ACC0003162385,48447,2025-01-12,11:57:50,Data Package,UPI,REF689198038588,COMPLETED,0.52,,Suspicious timing,UNKNOWN,MISC_TRANSACTION,3,FINAL_BENEFICIARY,NO,CDR0014,UNKNOWN,B
ACC0009996951,ACC0005805648,23658,2025-01-30,12:05:35,Data Package,NEFT,REF667481637967,COMPLETED,0.98,FIR/2025/UP/031,Mule account pattern,UNKNOWN,MISC_TRANSACTION,3,FINAL_BENEFICIARY,NO,CDR0025,V031,A+
ACC0004836027,ACC0001638058,30432,2025-01-20,19:39:23,Recruitment Cost,CHEQUE,REF585944448426,COMPLETED,0.71,FIR/2025/DL/043,Night time unusual,UNKNOWN,MISC_TRANSACTION,3,FINAL_BENEFICIARY,NO,CDR0019,V043,A
ACC0004530452,ACC0006333834,199107,2025-01-26,14:58:11,Security Service,IMPS,REF162896081661,COMPLETED,0.57,,High value transaction,UNKNOWN,MISC_TRANSACTION,2,INTERMEDIARY_ACCOUNT,NO,CDR0027,UNKNOWN,B
ACC0004086389,ACC0004260468,4654653,2025-01-09,13:38:33,Food Allowance,SWIFT,REF255310733306,COMPLETED,0.67,,Quick withdrawal,UNKNOWN,COVER_PAYMENT,1,MULE_ACCOUNT,YES,CDR0001,UNKNOWN,B
ACC0002092722,ACC0007877386,190056,2025-01-25,17:02:09,Project Payment,CHEQUE,REF105298537816,COMPLETED,0.56,,Night time unusual,UNKNOWN,MISC_TRANSACTION,2,INTERMEDIARY_ACCOUNT,NO,CDR0017,UNKNOWN,B
ACC0003007261,ACC0004766788,46175,2025-01-06,21:59:36,SIM Bulk Order,IMPS,REF852832469544,COMPLETED,0.72,FIR/2025/UP/048,Quick withdrawal,UNKNOWN,MISC_TRANSACTION,3,FINAL_BENEFICIARY,NO,NO_MATCH,UNKNOWN,B
ACC0009230270,ACC0005195013,169271,2025-02-03,23:56:23,Hawala Settlement,NEFT,REF801311738632,COMPLETED,0.8,FIR/2025/UP/017,Cross-border link,UNKNOWN,HAWALA_SETTLEMENT,2,INTERMEDIARY_ACCOUNT,NO,CDR0013,UNKNOWN,A
ACC0001351266,ACC0008243337,2929094,2025-02-08,13:25:08,Integration Fee,RTGS,REF561304365582,COMPLETED,0.9,,Structured transaction,UNKNOWN,MISC_TRANSACTION,1,MULE_ACCOUNT,YES,CDR0015,UNKNOWN,A
ACC0007516989,ACC0008776527,3790778,2025-01-13,22:13:15,Recruitment Fee,CHEQUE,REF723590446661,COMPLETED,0.43,,Hacker payment pattern,UNKNOWN,MISC_TRANSACTION,1,MULE_ACCOUNT,YES,NO_MATCH,UNKNOWN,C
ACC0008774158,ACC0007848595,130451,2025-02-04,09:34:41,Recruitment Cost,RTGS,REF954508365898,COMPLETED,0.89,FIR/2025/UP/004,High value transaction,UNKNOWN,MISC_TRANSACTION,2,INTERMEDIARY_ACCOUNT,NO,CDR0007,UNKNOWN,A+
ACC0006665383,ACC0003629314,150739,2025-02-02,06:44:13,Voice Training,SWIFT,REF291843276477,COMPLETED,0.49,,Quick withdrawal,UNKNOWN,MISC_TRANSACTION,2,INTERMEDIARY_ACCOUNT,NO,CDR0018,UNKNOWN,B
ACC0007742368,ACC0004318696,157817,2025-01-13,21:20:39,Distribution,SWIFT,REF909732710217,COMPLETED,0.73,FIR/2025/DL/044,Night time unusual,UNKNOWN,FRAUD_DISTRIBUTION,2,INTERMEDIARY_ACCOUNT,NO,NO_MATCH,UNKNOWN,B
ACC0002096542,ACC0002438647,6406,2025-01-25,17:12:47,Referral Bonus,NEFT,REF495420558211,COMPLETED,0.72,,Structured transaction,UNKNOWN,MISC_TRANSACTION,3,FINAL_BENEFICIARY,NO,CDR0017,UNKNOWN,B
ACC0006681113,ACC0003939670,129492,2025-01-14,11:26:07,Staff Salary,SWIFT,REF273558253568,COMPLETED,0.68,,Multiple account link,UNKNOWN,COVER_PAYMENT,2,INTERMEDIARY_ACCOUNT,NO,CDR0020,UNKNOWN,B
ACC0005184066,ACC0002901872,48507,2025-01-13,18:30:24,Delivery Charges,NEFT,REF124769669530,COMPLETED,0.7,,Structured transaction,UNKNOWN,MISC_TRANSACTION,3,FINAL_BENEFICIARY,NO,NO_MATCH,UNKNOWN,C
ACC0001333139,ACC0009250481,560530,2025-01-10,17:04:11,Commission,SWIFT,REF844318281380,COMPLETED,0.57,,Quick withdrawal,UNKNOWN,MISC_TRANSACTION,2,MULE_ACCOUNT,YES,NO_MATCH,UNKNOWN,C
ACC0006380429,ACC0005904810,4352581,2025-01-06,19:10:23,Gold Purchase,NEFT,REF407147812152,COMPLETED,0.97,,Hacker payment pattern,UNKNOWN,ASSET_CONVERSION,1,MULE_ACCOUNT,YES,NO_MATCH,UNKNOWN,B
ACC0003799814,ACC0001872600,934543,2025-02-02,19:21:02,Travel Expense,CHEQUE,REF937497563188,COMPLETED,0.75,,New beneficiary,UNKNOWN,MISC_TRANSACTION,2,MULE_ACCOUNT,YES,CDR0018,UNKNOWN,A
ACC0001526365,ACC0003191940,45905,2025-01-24,18:12:57,Delivery Charges,IMPS,REF140322858682,COMPLETED,0.77,,Cross-border link,UNKNOWN,MISC_TRANSACTION,3,FINAL_BENEFICIARY,NO,CDR0029,UNKNOWN,B
ACC0007153780,ACC0009599736,156743,2025-01-27,14:35:12,Data Package,RTGS,REF191339663037,COMPLETED,0.92,,Runner network,UNKNOWN,MISC_TRANSACTION,2,INTERMEDIARY_ACCOUNT,NO,CDR0022,UNKNOWN,A
ACC0009536101,ACC0002904638,83692,2025-01-09,11:23:04,Referral Bonus,SWIFT,REF361140269616,COMPLETED,0.83,FIR/2025/DL/001,Multiple account link,UNKNOWN,MISC_TRANSACTION,3,INTERMEDIARY_ACCOUNT,NO,CDR0001,UNKNOWN,A
ACC0006723292,ACC0002180827,861654,2025-01-11,09:03:45,Commission,NEFT,REF919986575520,COMPLETED,0.93,FIR/2025/DL/006,Money laundering layer,UNKNOWN,MISC_TRANSACTION,2,MULE_ACCOUNT,YES,NO_MATCH,UNKNOWN,A
ACC0008264020,ACC0004910362,1333077,2025-01-25,22:12:30,Task Payment,CHEQUE,REF645409004528,COMPLETED,0.71,,Multiple account link,UNKNOWN,MISC_TRANSACTION,1,MULE_ACCOUNT,YES,CDR0017,UNKNOWN,A
ACC0002027878,ACC0008424192,183060,2025-01-17,14:09:56,Staff Salary,SWIFT,REF310336246759,COMPLETED,0.78,FIR/2025/HR/049,High value transaction,UNKNOWN,COVER_PAYMENT,2,INTERMEDIARY_ACCOUNT,NO,CDR0037,V049,A
ACC0004138145,ACC0006392288,613839,2025-02-12,19:32:40,Food Allowance,NEFT,REF376709810617,COMPLETED,0.86,FIR/2025/HR/016,Quick withdrawal,UNKNOWN,COVER_PAYMENT,2,MULE_ACCOUNT,YES,NO_MATCH,UNKNOWN,A
ACC0005222291,ACC0005721932,1263330,2025-01-27,07:39:48,Treasury Movement,UPI,REF940413581106,COMPLETED,0.91,FIR/2025/UP/001,Cross-border link,UNKNOWN,MISC_TRANSACTION,1,MULE_ACCOUNT,YES,CDR0022,UNKNOWN,A+
ACC0007064624,ACC0002105263,962470,2025-02-02,17:47:51,Delivery Charges,RTGS,REF428563687896,COMPLETED,0.82,FIR/2025/UP/035,High value transaction,UNKNOWN,MISC_TRANSACTION,2,MULE_ACCOUNT,YES,CDR0018,UNKNOWN,A+
ACC0003861403,ACC0001716378,4690881,2025-01-25,18:29:55,Training Material,IMPS,REF255274599094,COMPLETED,0.8,FIR/2025/UP/027,Runner network,UNKNOWN,MISC_TRANSACTION,1,MULE_ACCOUNT,YES,CDR0017,UNKNOWN,A+
ACC0003339281,ACC0006313738,29999,2025-02-01,11:09:37,Profit Share,NEFT,REF117587230544,COMPLETED,0.57,,High value transaction,UNKNOWN,MISC_TRANSACTION,3,FINAL_BENEFICIARY,NO,CDR0024,UNKNOWN,B
ACC0001363741,ACC0009343685,518266,2025-01-19,12:31:38,Commodity Deal,IMPS,REF578600473268,COMPLETED,0.94,FIR/2025/DL/032,Cross-border link,UNKNOWN,ASSET_CONVERSION,2,MULE_ACCOUNT,YES,CDR0012,UNKNOWN,A+
ACC0002778577,ACC0002122497,174964,2025-01-20,22:31:51,Recruitment Fee,IMPS,REF114991612876,COMPLETED,0.95,,Quick withdrawal,UNKNOWN,MISC_TRANSACTION,2,INTERMEDIARY_ACCOUNT,NO,CDR0019,UNKNOWN,A
ACC0006211203,ACC0008197382,828218,2025-01-26,17:51:44,Commission,RTGS,REF170753242751,COMPLETED,0.31,,High value transaction,UNKNOWN,MISC_TRANSACTION,2,MULE_ACCOUNT,YES,CDR0027,UNKNOWN,B
ACC0006472738,ACC0004916445,494158,2025-02-10,16:44:12,Commission,RTGS,REF794846660146,COMPLETED,0.69,,Runner network,UNKNOWN,MISC_TRANSACTION,2,INTERMEDIARY_ACCOUNT,NO,CDR0005,UNKNOWN,B
ACC0005179188,ACC0009197145,41916,2025-01-29,10:39:20,Software License,SWIFT,REF608914714231,COMPLETED,0.71,FIR/2025/HR/018,Structured transaction,UNKNOWN,MISC_TRANSACTION,3,FINAL_BENEFICIARY,NO,CDR0002,V018,A
ACC0007536008,ACC0004241051,23101,2025-02-04,13:14:40,Digital Marketing,RTGS,REF630946659683,COMPLETED,0.68,,Cross-border link,UNKNOWN,MISC_TRANSACTION,3,FINAL_BENEFICIARY,NO,CDR0007,UNKNOWN,B
ACC0009997791,ACC0004356421,47325,2025-01-23,07:47:56,Task Payment,SWIFT,REF657481809370,COMPLETED,0.49,,Suspicious timing,UNKNOWN,MISC_TRANSACTION,3,FINAL_BENEFICIARY,NO,CDR0003,UNKNOWN,B
ACC0005378650,ACC0004426579,1120885,2025-01-10,17:29:49,Referral Bonus,IMPS,REF519300004246,COMPLETED,0.68,,Mule account pattern,UNKNOWN,MISC_TRANSACTION,1,MULE_ACCOUNT,YES,NO_MATCH,UNKNOWN,C
ACC0005589441,ACC0008649458,3544023,2025-01-23,11:37:08,Terminal Maintenance,UPI,REF156366785474,COMPLETED,0.89,,Circular flow detected,UNKNOWN,MISC_TRANSACTION,1,MULE_ACCOUNT,YES,CDR0003,UNKNOWN,A
ACC0006289331,ACC0007291943,859439,2025-01-30,11:20:39,Distribution,UPI,REF412001976361,COMPLETED,0.52,,Multiple account link,UNKNOWN,FRAUD_DISTRIBUTION,2,MULE_ACCOUNT,YES,CDR0025,UNKNOWN,B
ACC0003212357,ACC0009332850,9186,2025-02-07,11:45:15,Software License,DEMAND_DRAFT,REF470900838824,COMPLETED,0.36,,Structured transaction,UNKNOWN,MISC_TRANSACTION,3,FINAL_BENEFICIARY,NO,CDR0026,UNKNOWN,B
ACC0007720279,ACC0002042711,4312362,2025-01-14,23:52:05,Recruitment Fee,IMPS,REF225237211041,COMPLETED,0.82,FIR/2025/UP/015,Money laundering layer,UNKNOWN,MISC_TRANSACTION,1,MULE_ACCOUNT,YES,CDR0020,UNKNOWN,A+
ACC0001406431,ACC0001880520,47133,2025-01-19,13:09:55,Commission,SWIFT,REF453559384303,COMPLETED,0.56,,Money laundering layer,UNKNOWN,MISC_TRANSACTION,3,FINAL_BENEFICIARY,NO,CDR0012,UNKNOWN,B
ACC0009560523,ACC0005859342,3997845,2025-02-09,08:02:12,Regional Payment,UPI,REF350005049593,COMPLETED,0.7,,Round figure suspicious,UNKNOWN,MISC_TRANSACTION,1,MULE_ACCOUNT,YES,CDR0049,UNKNOWN,A
ACC0007175999,ACC0009542096,15759,2025-02-14,15:17:35,Script Payment,SWIFT,REF273466942143,COMPLETED,0.87,,High value transaction,UNKNOWN,MISC_TRANSACTION,3,FINAL_BENEFICIARY,NO,NO_MATCH,UNKNOWN,B
ACC0006487124,ACC0005367811,2196977,2025-01-06,20:38:41,Hardware Bundle,SWIFT,REF545688827887,COMPLETED,0.44,,Night time unusual,UNKNOWN,MISC_TRANSACTION,1,MULE_ACCOUNT,YES,NO_MATCH,UNKNOWN,C
ACC0002790625,ACC0004449113,971440,2025-01-18,15:23:29,Business Transfer,CHEQUE,REF351797257945,COMPLETED,0.69,,Suspicious timing,UNKNOWN,MISC_TRANSACTION,2,MULE_ACCOUNT,YES,CDR0006,UNKNOWN,B
ACC0001207372,ACC0004630984,3095443,2025-01-25,20:25:38,Distribution,NEFT,REF640825799270,COMPLETED,0.63,,Mule account pattern,UNKNOWN,FRAUD_DISTRIBUTION,1,MULE_ACCOUNT,YES,CDR0017,UNKNOWN,B
ACC0002799550,ACC0001004542,211756,2025-01-05,15:28:24,Commodity Deal,SWIFT,REF275927050476,COMPLETED,0.37,,Hawala suspected,UNKNOWN,ASSET_CONVERSION,2,INTERMEDIARY_ACCOUNT,NO,NO_MATCH,UNKNOWN,C
ACC0007254897,ACC0002276737,885376,2025-01-07,09:19:09,Gold Purchase,IMPS,REF229728052480,COMPLETED,0.93,FIR/2025/HR/044,Hacker payment pattern,UNKNOWN,ASSET_CONVERSION,2,MULE_ACCOUNT,YES,CDR0011,UNKNOWN,A+
ACC0008994424,ACC0003928988,79513,2025-02-03,23:17:17,Investment Returns,CHEQUE,REF626405067331,COMPLETED,0.34,,Mule account pattern,UNKNOWN,MISC_TRANSACTION,3,INTERMEDIARY_ACCOUNT,NO,CDR0013,UNKNOWN,B
ACC0007669596,ACC0007332141,2813984,2025-01-31,11:00:36,Consulting Fees,CHEQUE,REF878595205829,COMPLETED,0.49,,Money laundering layer,UNKNOWN,MISC_TRANSACTION,1,MULE_ACCOUNT,YES,CDR0016,UNKNOWN,B
ACC0005562772,ACC0004155287,20389,2025-02-10,19:35:44,Data Package,DEMAND_DRAFT,REF886973389783,COMPLETED,0.88,,Mule account pattern,UNKNOWN,MISC_TRANSACTION,3,FINAL_BENEFICIARY,NO,CDR0005,UNKNOWN,A
ACC0007162223,ACC0008654730,371856,2025-02-09,23:09:20,Bank to Bank,CHEQUE,REF548166040818,COMPLETED,0.42,,Cross-border link,UNKNOWN,MISC_TRANSACTION,2,INTERMEDIARY_ACCOUNT,NO,CDR0049,UNKNOWN,B
ACC0005906489,ACC0003476873,3274439,2025-01-28,19:05:38,Gold Purchase,NEFT,REF810210074140,COMPLETED,0.62,,Hacker payment pattern,UNKNOWN,ASSET_CONVERSION,1,MULE_ACCOUNT,YES,CDR0008,UNKNOWN,B
ACC0001717322,ACC0006762197,88024,2025-02-10,10:52:50,Recruitment Fee,DEMAND_DRAFT,REF536769031814,COMPLETED,0.36,,New beneficiary,UNKNOWN,MISC_TRANSACTION,3,INTERMEDIARY_ACCOUNT,NO,CDR0005,UNKNOWN,B
ACC0002741731,ACC0001067788,194296,2025-01-19,16:31:07,Terminal Maintenance,CHEQUE,REF979765934457,COMPLETED,0.55,,High value transaction,UNKNOWN,MISC_TRANSACTION,2,INTERMEDIARY_ACCOUNT,NO,CDR0012,UNKNOWN,B
ACC0006891056,ACC0007845078,3700721,2025-01-14,12:45:00,API Access,DEMAND_DRAFT,REF641628880510,COMPLETED,0.4,,High value transaction,UNKNOWN,MISC_TRANSACTION,1,MULE_ACCOUNT,YES,CDR0020,UNKNOWN,B
ACC0007813560,ACC0006081107,192073,2025-01-06,06:01:18,Trade Settlement,NEFT,REF850657495527,COMPLETED,0.35,,Hawala suspected,UNKNOWN,HAWALA_SETTLEMENT,2,INTERMEDIARY_ACCOUNT,NO,NO_MATCH,UNKNOWN,C
ACC0006998094,ACC0007761231,559839,2025-01-18,15:27:39,Regional Payment,IMPS,REF777038112883,COMPLETED,0.7,,Structured transaction,UNKNOWN,MISC_TRANSACTION,2,MULE_ACCOUNT,YES,CDR0006,UNKNOWN,A
ACC0006362532,ACC0006897140,2986411,2025-02-08,09:27:44,Regional Payment,SWIFT,REF486034391083,COMPLETED,0.95,FIR/2025/HR/032,Hawala suspected,UNKNOWN,MISC_TRANSACTION,1,MULE_ACCOUNT,YES,CDR0015,UNKNOWN,A+
ACC0001648801,ACC0009178027,10690,2025-01-10,13:46:53,Trade Settlement,CHEQUE,REF207040510217,COMPLETED,0.61,,Round figure suspicious,UNKNOWN,HAWALA_SETTLEMENT,3,FINAL_BENEFICIARY,NO,NO_MATCH,UNKNOWN,C
ACC0008873203,ACC0001576165,4259661,2025-01-18,19:06:00,Entertainment,NEFT,REF957598637179,COMPLETED,0.32,,New beneficiary,UNKNOWN,MISC_TRANSACTION,1,MULE_ACCOUNT,YES,CDR0006,UNKNOWN,B
ACC0004040589,ACC0008770870,23005,2025-01-21,09:44:33,Data Package,NEFT,REF597796423739,COMPLETED,0.5,,Round figure suspicious,UNKNOWN,MISC_TRANSACTION,3,FINAL_BENEFICIARY,NO,CDR0033,UNKNOWN,B
ACC0006560231,ACC0008159368,1835182,2025-02-05,13:00:24,Logistics,CHEQUE,REF820724729471,COMPLETED,0.92,,Circular flow detected,UNKNOWN,MISC_TRANSACTION,1,MULE_ACCOUNT,YES,CDR0021,UNKNOWN,A
ACC0004748410,ACC0006705434,3994011,2025-01-12,09:10:08,Commission,CHEQUE,REF721074630479,COMPLETED,0.32,,Money laundering layer,UNKNOWN,MISC_TRANSACTION,1,MULE_ACCOUNT,YES,CDR0014,UNKNOWN,B
ACC0009810978,ACC0007178852,2755838,2025-01-07,14:27:35,Gift Purchase,IMPS,REF169006975631,COMPLETED,0.36,,Hawala suspected,UNKNOWN,MISC_TRANSACTION,1,MULE_ACCOUNT,YES,CDR0011,UNKNOWN,B
ACC0009507953,ACC0005080755,14012,2025-02-10,11:42:12,Recruitment Cost,CHEQUE,REF701280476832,COMPLETED,0.55,,Night time unusual,UNKNOWN,MISC_TRANSACTION,3,FINAL_BENEFICIARY,NO,CDR0005,UNKNOWN,B
ACC0004112344,ACC0007933281,196713,2025-01-14,15:08:47,Gift Purchase,IMPS,REF508069969346,COMPLETED,0.34,,Round figure suspicious,UNKNOWN,MISC_TRANSACTION,2,INTERMEDIARY_ACCOUNT,NO,CDR0020,UNKNOWN,B
ACC0009900636,ACC0001148604,85929,2025-02-04,12:12:42,Delivery Charges,IMPS,REF333984382377,COMPLETED,0.37,,Circular flow detected,UNKNOWN,MISC_TRANSACTION,3,INTERMEDIARY_ACCOUNT,NO,CDR0007,UNKNOWN,B
ACC0003129961,ACC0009554163,14529,2025-02-10,11:15:40,Distribution,IMPS,REF790801556117,COMPLETED,0.55,,Money laundering layer,UNKNOWN,FRAUD_DISTRIBUTION,3,FINAL_BENEFICIARY,NO,CDR0005,UNKNOWN,B
ACC0008245593,ACC0001719891,229009,2025-01-30,20:38:53,Hawala Settlement,CHEQUE,REF241336670232,COMPLETED,0.63,,High value transaction,UNKNOWN,HAWALA_SETTLEMENT,2,INTERMEDIARY_ACCOUNT,NO,CDR0025,UNKNOWN,B
ACC0009745266,ACC0005825591,37580,2025-01-31,08:35:05,Trade Settlement,DEMAND_DRAFT,REF946733749018,COMPLETED,0.74,,Suspicious timing,UNKNOWN,HAWALA_SETTLEMENT,3,FINAL_BENEFICIARY,NO,CDR0016,UNKNOWN,B
ACC0008793135,ACC0006729127,834698,2025-02-04,22:31:24,Distribution,DEMAND_DRAFT,REF859519902212,COMPLETED,0.7,,Structured transaction,UNKNOWN,FRAUD_DISTRIBUTION,2,MULE_ACCOUNT,YES,CDR0007,UNKNOWN,A
ACC0006655184,ACC0002526520,37091,2025-01-21,14:59:17,Food Allowance,SWIFT,REF351313645817,COMPLETED,0.51,,Cross-border link,UNKNOWN,COVER_PAYMENT,3,FINAL_BENEFICIARY,NO,CDR0033,UNKNOWN,B
ACC0006139660,ACC0004218650,908942,2025-01-21,19:42:42,Task Payment,DEMAND_DRAFT,REF253703536713,COMPLETED,0.85,FIR/2025/HR/019,Quick withdrawal,UNKNOWN,MISC_TRANSACTION,2,MULE_ACCOUNT,YES,CDR0033,UNKNOWN,A+
ACC0007064744,ACC0006387876,171291,2025-01-12,15:40:15,Recruitment Fee,SWIFT,REF799177490010,COMPLETED,0.86,,Cross-border link,UNKNOWN,MISC_TRANSACTION,2,INTERMEDIARY_ACCOUNT,NO,CDR0014,UNKNOWN,A
ACC0005121051,ACC0007570465,795789,2025-01-14,14:38:04,Gold Purchase,UPI,REF516468005158,COMPLETED,0.85,FIR/2025/UP/001,High value transaction,UNKNOWN,ASSET_CONVERSION,2,MULE_ACCOUNT,YES,CDR0020,UNKNOWN,A+
ACC0005275016,ACC0009305654,811931,2025-02-06,19:12:17,Business Transfer,IMPS,REF754937671430,COMPLETED,0.37,,Mule account pattern,UNKNOWN,MISC_TRANSACTION,2,MULE_ACCOUNT,YES,CDR0034,UNKNOWN,B
ACC0003344236,ACC0004038433,13055,2025-01-07,08:17:06,Voice Package,SWIFT,REF238591784094,COMPLETED,0.83,,High value transaction,UNKNOWN,MISC_TRANSACTION,3,FINAL_BENEFICIARY,NO,CDR0011,UNKNOWN,B
ACC0001670038,ACC0002004617,554005,2025-01-23,19:15:14,Hawala Settlement,SWIFT,REF729657930727,COMPLETED,0.81,FIR/2025/HR/023,Circular flow detected,UNKNOWN,HAWALA_SETTLEMENT,2,MULE_ACCOUNT,YES,CDR0003,UNKNOWN,A+
ACC0001385105,ACC0006313642,19409,2025-01-15,08:36:47,Cleaning Service,RTGS,REF636052936919,COMPLETED,0.38,,High value transaction,UNKNOWN,MISC_TRANSACTION,3,FINAL_BENEFICIARY,NO,CDR0004,UNKNOWN,B
ACC0008709241,ACC0003779020,16373,2025-01-20,15:27:37,Trade Finance,DEMAND_DRAFT,REF591287149742,COMPLETED,0.45,,Multiple account link,UNKNOWN,MISC_TRANSACTION,3,FINAL_BENEFICIARY,NO,CDR0019,UNKNOWN,B
ACC0008451316,ACC0008424380,4148639,2025-01-06,23:48:17,Recruitment Fee,CHEQUE,REF578852431440,COMPLETED,0.84,,Money laundering layer,UNKNOWN,MISC_TRANSACTION,1,MULE_ACCOUNT,YES,NO_MATCH,UNKNOWN,B
ACC0009372370,ACC0009515432,151685,2025-01-28,10:45:04,Trade Finance,DEMAND_DRAFT,REF850326186045,COMPLETED,0.56,,Cross-border link,UNKNOWN,MISC_TRANSACTION,2,INTERMEDIARY_ACCOUNT,NO,CDR0008,UNKNOWN,B
ACC0006926811,ACC0007796488,115212,2025-01-29,21:01:43,Script Update,NEFT,REF867276482386,COMPLETED,0.34,,Round figure suspicious,UNKNOWN,MISC_TRANSACTION,2,INTERMEDIARY_ACCOUNT,NO,CDR0002,UNKNOWN,B
ACC0006791229,ACC0007031754,2829940,2025-02-01,08:27:16,Security Service,NEFT,REF500587827178,COMPLETED,0.92,FIR/2025/UP/031,Circular flow detected,UNKNOWN,MISC_TRANSACTION,1,MULE_ACCOUNT,YES,CDR0024,V031,A+
ACC0004676504,ACC0009676669,44262,2025-01-29,17:03:48,Hawala Settlement,UPI,REF199466089639,COMPLETED,0.72,,Mule account pattern,UNKNOWN,HAWALA_SETTLEMENT,3,FINAL_BENEFICIARY,NO,CDR0002,UNKNOWN,B
ACC0009812297,ACC0005280628,1594056,2025-01-22,11:14:26,Card Processing,NEFT,REF175250008752,COMPLETED,0.46,,Round figure suspicious,UNKNOWN,MISC_TRANSACTION,1,MULE_ACCOUNT,YES,CDR0023,UNKNOWN,B
ACC0003951849,ACC0005835914,173272,2025-01-20,06:51:12,Trade Finance,CHEQUE,REF173345360403,COMPLETED,0.83,FIR/2025/UP/012,Night time unusual,UNKNOWN,MISC_TRANSACTION,2,INTERMEDIARY_ACCOUNT,NO,CDR0019,UNKNOWN,A
ACC0008760085,ACC0007189628,90034,2025-01-20,06:20:54,Performance Pay,DEMAND_DRAFT,REF663810396220,COMPLETED,0.85,FIR/2025/HR/033,Hawala suspected,UNKNOWN,MISC_TRANSACTION,3,INTERMEDIARY_ACCOUNT,NO,CDR0019,UNKNOWN,A+
ACC0003264070,ACC0003801816,172963,2025-01-20,17:36:50,Travel Expense,IMPS,REF599271861724,COMPLETED,0.42,,Circular flow detected,UNKNOWN,MISC_TRANSACTION,2,INTERMEDIARY_ACCOUNT,NO,CDR0019,UNKNOWN,B
ACC0001709232,ACC0002125315,2204614,2025-02-07,21:43:48,Bank Transfer,SWIFT,REF896894541203,COMPLETED,0.57,,Night time unusual,UNKNOWN,MISC_TRANSACTION,1,MULE_ACCOUNT,YES,CDR0026,UNKNOWN,B
ACC0007798104,ACC0005218292,3110374,2025-01-13,07:13:04,Trade Finance,RTGS,REF430033645092,COMPLETED,0.38,,Suspicious timing,UNKNOWN,MISC_TRANSACTION,1,MULE_ACCOUNT,YES,NO_MATCH,UNKNOWN,C
ACC0007268360,ACC0001400570,25614,2025-01-18,19:49:40,Distribution,NEFT,REF970119270952,COMPLETED,0.82,,Hawala suspected,UNKNOWN,FRAUD_DISTRIBUTION,3,FINAL_BENEFICIARY,NO,CDR0006,UNKNOWN,B
ACC0005101891,ACC0003387655,2060823,2025-01-30,20:45:29,Script Payment,NEFT,REF243723776146,COMPLETED,0.58,,Hacker payment pattern,UNKNOWN,MISC_TRANSACTION,1,MULE_ACCOUNT,YES,CDR0025,UNKNOWN,B
ACC0002699277,ACC0005956293,2950726,2025-02-01,08:38:18,Security Service,DEMAND_DRAFT,REF707791823618,COMPLETED,0.62,,Cross-border link,UNKNOWN,MISC_TRANSACTION,1,MULE_ACCOUNT,YES,CDR0024,UNKNOWN,B
ACC0004246044,ACC0006206670,93501,2025-02-09,14:03:01,API Access,NEFT,REF673939376756,COMPLETED,0.55,,Night time unusual,UNKNOWN,MISC_TRANSACTION,3,INTERMEDIARY_ACCOUNT,NO,CDR0049,UNKNOWN,B
ACC0008722401,ACC0006820448,45748,2025-02-07,09:56:28,Distribution,IMPS,REF939380096667,COMPLETED,0.65,,Circular flow detected,UNKNOWN,FRAUD_DISTRIBUTION,3,FINAL_BENEFICIARY,NO,CDR0026,UNKNOWN,B
ACC0007340529,ACC0006539032,966980,2025-01-14,10:48:58,Task Payment,UPI,REF523556250187,COMPLETED,0.49,,Suspicious timing,UNKNOWN,MISC_TRANSACTION,2,MULE_ACCOUNT,YES,CDR0020,UNKNOWN,B
ACC0001203251,ACC0003230397,1812286,2025-01-14,19:35:36,Gold Purchase,NEFT,REF276378107365,COMPLETED,0.88,,Night time unusual,UNKNOWN,ASSET_CONVERSION,1,MULE_ACCOUNT,YES,CDR0020,UNKNOWN,A
ACC0002108790,ACC0004675794,35690,2025-01-10,20:51:57,Protection Money,SWIFT,REF387576079783,COMPLETED,0.69,,Quick withdrawal,UNKNOWN,MISC_TRANSACTION,3,FINAL_BENEFICIARY,NO,NO_MATCH,UNKNOWN,C
ACC0006478315,ACC0009836713,186327,2025-01-19,06:27:30,Travel Expense,RTGS,REF662382760246,COMPLETED,0.5,,Round figure suspicious,UNKNOWN,MISC_TRANSACTION,2,INTERMEDIARY_ACCOUNT,NO,CDR0012,UNKNOWN,B
ACC0006038910,ACC0005322520,88789,2025-01-20,20:57:09,Project Payment,CHEQUE,REF656379552272,COMPLETED,0.55,,Round figure suspicious,UNKNOWN,MISC_TRANSACTION,3,INTERMEDIARY_ACCOUNT,NO,CDR0019,UNKNOWN,B
ACC0006556834,ACC0006017805,3613295,2025-01-09,16:59:56,Business Transfer,IMPS,REF995096630883,COMPLETED,0.59,,Cross-border link,UNKNOWN,MISC_TRANSACTION,1,MULE_ACCOUNT,YES,CDR0001,UNKNOWN,B
ACC0007213946,ACC0002983509,4687237,2025-01-30,12:25:27,Commodity Trading,RTGS,REF771059588295,COMPLETED,0.85,,Round figure suspicious,UNKNOWN,ASSET_CONVERSION,1,MULE_ACCOUNT,YES,CDR0025,UNKNOWN,A
ACC0007322454,ACC0002390468,11596,2025-01-14,23:27:31,Software License,DEMAND_DRAFT,REF867974935286,COMPLETED,0.74,,Circular flow detected,UNKNOWN,MISC_TRANSACTION,3,FINAL_BENEFICIARY,NO,CDR0020,UNKNOWN,B
ACC0001548357,ACC0003239478,911710,2025-02-10,08:02:10,Card Processing,RTGS,REF139084079185,COMPLETED,0.98,FIR/2025/DL/003,Runner network,UNKNOWN,MISC_TRANSACTION,2,MULE_ACCOUNT,YES,CDR0005,UNKNOWN,A+
ACC0004225388,ACC0003851025,312762,2025-02-13,22:04:53,Cleaning Service,RTGS,REF169314827963,COMPLETED,0.61,,Structured transaction,UNKNOWN,MISC_TRANSACTION,2,INTERMEDIARY_ACCOUNT,NO,NO_MATCH,UNKNOWN,C
ACC0004754605,ACC0005759646,153125,2025-02-04,20:22:32,Card Processing,RTGS,REF875900828956,COMPLETED,0.85,,Quick withdrawal,UNKNOWN,MISC_TRANSACTION,2,INTERMEDIARY_ACCOUNT,NO,CDR0007,UNKNOWN,A
